D_thresh,R_thresh,phase,term,coefficient,n_data_points,n_active_terms
-30.0,-4.0,quiet,1,0.0,30547,4
-30.0,-4.0,quiet,V,0.0,30547,4
-30.0,-4.0,quiet,Bs,0.0,30547,4
-30.0,-4.0,quiet,n,0.0,30547,4
-30.0,-4.0,quiet,Pdyn,0.0,30547,4
-30.0,-4.0,quiet,Dst_star,0.0,30547,4
-30.0,-4.0,quiet,V^2,0.0,30547,4
-30.0,-4.0,quiet,Bs^2,0.0,30547,4
-30.0,-4.0,quiet,n^2,0.0,30547,4
-30.0,-4.0,quiet,V*Bs,0.0,30547,4
-30.0,-4.0,quiet,n*V,0.0,30547,4
-30.0,-4.0,quiet,n*Bs,0.0,30547,4
-30.0,-4.0,quiet,Pdyn*Bs,0.0,30547,4
-30.0,-4.0,quiet,n*V*Bs,0.0,30547,4
-30.0,-4.0,quiet,n*V^2,0.0,30547,4
-30.0,-4.0,quiet,sin(θ_c/2),1.8903259231963274,30547,4
-30.0,-4.0,quiet,sin²(θ_c/2),3.100868675079753,30547,4
-30.0,-4.0,quiet,sin⁴(θ_c/2),0.0,30547,4
-30.0,-4.0,quiet,sin^(8/3)(θ_c/2),-3.224289617420456,30547,4
-30.0,-4.0,quiet,V*sin²(θ_c/2),0.0,30547,4
-30.0,-4.0,quiet,Newell_d_Φ,-0.00042649394590619344,30547,4
-30.0,-4.0,main,1,0.0,2616,9
-30.0,-4.0,main,V,-0.010524615852901048,2616,9
-30.0,-4.0,main,Bs,0.0,2616,9
-30.0,-4.0,main,n,0.21691328237275392,2616,9
-30.0,-4.0,main,Pdyn,0.0,2616,9
-30.0,-4.0,main,Dst_star,0.0,2616,9
-30.0,-4.0,main,V^2,0.0,2616,9
-30.0,-4.0,main,Bs^2,0.0,2616,9
-30.0,-4.0,main,n^2,0.0,2616,9
-30.0,-4.0,main,V*Bs,0.0,2616,9
-30.0,-4.0,main,n*V,-0.00047610058100483964,2616,9
-30.0,-4.0,main,n*Bs,0.0,2616,9
-30.0,-4.0,main,Pdyn*Bs,0.0,2616,9
-30.0,-4.0,main,n*V*Bs,-3.956750225951606e-5,2616,9
-30.0,-4.0,main,n*V^2,0.0,2616,9
-30.0,-4.0,main,sin(θ_c/2),0.0,2616,9
-30.0,-4.0,main,sin²(θ_c/2),-74.6894945664661,2616,9
-30.0,-4.0,main,sin⁴(θ_c/2),-39.97263103552008,2616,9
-30.0,-4.0,main,sin^(8/3)(θ_c/2),107.45579860134532,2616,9
-30.0,-4.0,main,V*sin²(θ_c/2),0.022203632188843397,2616,9
-30.0,-4.0,main,Newell_d_Φ,-0.00031980666286144293,2616,9
-30.0,-4.0,recovery,1,2.0703817233489445,27720,9
-30.0,-4.0,recovery,V,-0.009136794898759298,27720,9
-30.0,-4.0,recovery,Bs,-0.38318651140464133,27720,9
-30.0,-4.0,recovery,n,0.0,27720,9
-30.0,-4.0,recovery,Pdyn,0.0,27720,9
-30.0,-4.0,recovery,Dst_star,-0.05705173028570767,27720,9
-30.0,-4.0,recovery,V^2,5.59742152665378e-6,27720,9
-30.0,-4.0,recovery,Bs^2,0.0,27720,9
-30.0,-4.0,recovery,n^2,0.0,27720,9
-30.0,-4.0,recovery,V*Bs,0.0,27720,9
-30.0,-4.0,recovery,n*V,0.0,27720,9
-30.0,-4.0,recovery,n*Bs,0.0,27720,9
-30.0,-4.0,recovery,Pdyn*Bs,0.0,27720,9
-30.0,-4.0,recovery,n*V*Bs,0.0,27720,9
-30.0,-4.0,recovery,n*V^2,0.0,27720,9
-30.0,-4.0,recovery,sin(θ_c/2),4.322854849602913,27720,9
-30.0,-4.0,recovery,sin²(θ_c/2),-19.021112175253972,27720,9
-30.0,-4.0,recovery,sin⁴(θ_c/2),-3.6968141207823204,27720,9
-30.0,-4.0,recovery,sin^(8/3)(θ_c/2),18.281924380875882,27720,9
-30.0,-4.0,recovery,V*sin²(θ_c/2),0.0,27720,9
-30.0,-4.0,recovery,Newell_d_Φ,0.0,27720,9
-30.0,-3.0,quiet,1,0.0,30547,4
-30.0,-3.0,quiet,V,0.0,30547,4
-30.0,-3.0,quiet,Bs,0.0,30547,4
-30.0,-3.0,quiet,n,0.0,30547,4
-30.0,-3.0,quiet,Pdyn,0.0,30547,4
-30.0,-3.0,quiet,Dst_star,0.0,30547,4
-30.0,-3.0,quiet,V^2,0.0,30547,4
-30.0,-3.0,quiet,Bs^2,0.0,30547,4
-30.0,-3.0,quiet,n^2,0.0,30547,4
-30.0,-3.0,quiet,V*Bs,0.0,30547,4
-30.0,-3.0,quiet,n*V,0.0,30547,4
-30.0,-3.0,quiet,n*Bs,0.0,30547,4
-30.0,-3.0,quiet,Pdyn*Bs,0.0,30547,4
-30.0,-3.0,quiet,n*V*Bs,0.0,30547,4
-30.0,-3.0,quiet,n*V^2,0.0,30547,4
-30.0,-3.0,quiet,sin(θ_c/2),1.8903259231963274,30547,4
-30.0,-3.0,quiet,sin²(θ_c/2),3.100868675079753,30547,4
-30.0,-3.0,quiet,sin⁴(θ_c/2),0.0,30547,4
-30.0,-3.0,quiet,sin^(8/3)(θ_c/2),-3.224289617420456,30547,4
-30.0,-3.0,quiet,V*sin²(θ_c/2),0.0,30547,4
-30.0,-3.0,quiet,Newell_d_Φ,-0.00042649394590619344,30547,4
-30.0,-3.0,main,1,-6.9175951826882045,3799,8
-30.0,-3.0,main,V,0.0,3799,8
-30.0,-3.0,main,Bs,0.0,3799,8
-30.0,-3.0,main,n,0.0,3799,8
-30.0,-3.0,main,Pdyn,0.0,3799,8
-30.0,-3.0,main,Dst_star,0.0,3799,8
-30.0,-3.0,main,V^2,0.0,3799,8
-30.0,-3.0,main,Bs^2,-0.015804481659370737,3799,8
-30.0,-3.0,main,n^2,0.0,3799,8
-30.0,-3.0,main,V*Bs,0.0009260524478689342,3799,8
-30.0,-3.0,main,n*V,0.0,3799,8
-30.0,-3.0,main,n*Bs,0.0,3799,8
-30.0,-3.0,main,Pdyn*Bs,0.0,3799,8
-30.0,-3.0,main,n*V*Bs,-4.334195302870499e-5,3799,8
-30.0,-3.0,main,n*V^2,0.0,3799,8
-30.0,-3.0,main,sin(θ_c/2),0.0,3799,8
-30.0,-3.0,main,sin²(θ_c/2),-14.712320769211487,3799,8
-30.0,-3.0,main,sin⁴(θ_c/2),-19.269692682941038,3799,8
-30.0,-3.0,main,sin^(8/3)(θ_c/2),38.84116964968332,3799,8
-30.0,-3.0,main,V*sin²(θ_c/2),0.0,3799,8
-30.0,-3.0,main,Newell_d_Φ,-0.00038253078712493263,3799,8
-30.0,-3.0,recovery,1,2.1231470158717447,26611,8
-30.0,-3.0,recovery,V,-0.008670704614533616,26611,8
-30.0,-3.0,recovery,Bs,-0.32241744877364625,26611,8
-30.0,-3.0,recovery,n,0.0,26611,8
-30.0,-3.0,recovery,Pdyn,0.0,26611,8
-30.0,-3.0,recovery,Dst_star,-0.055729853043789586,26611,8
-30.0,-3.0,recovery,V^2,5.345685324346427e-6,26611,8
-30.0,-3.0,recovery,Bs^2,0.0,26611,8
-30.0,-3.0,recovery,n^2,0.0,26611,8
-30.0,-3.0,recovery,V*Bs,0.0,26611,8
-30.0,-3.0,recovery,n*V,0.0,26611,8
-30.0,-3.0,recovery,n*Bs,0.0,26611,8
-30.0,-3.0,recovery,Pdyn*Bs,0.0,26611,8
-30.0,-3.0,recovery,n*V*Bs,0.0,26611,8
-30.0,-3.0,recovery,n*V^2,0.0,26611,8
-30.0,-3.0,recovery,sin(θ_c/2),2.196675698230458,26611,8
-30.0,-3.0,recovery,sin²(θ_c/2),-7.729981531658202,26611,8
-30.0,-3.0,recovery,sin⁴(θ_c/2),0.0,26611,8
-30.0,-3.0,recovery,sin^(8/3)(θ_c/2),5.267018696295693,26611,8
-30.0,-3.0,recovery,V*sin²(θ_c/2),0.0,26611,8
-30.0,-3.0,recovery,Newell_d_Φ,0.0,26611,8
-30.0,-2.0,quiet,1,0.0,30547,4
-30.0,-2.0,quiet,V,0.0,30547,4
-30.0,-2.0,quiet,Bs,0.0,30547,4
-30.0,-2.0,quiet,n,0.0,30547,4
-30.0,-2.0,quiet,Pdyn,0.0,30547,4
-30.0,-2.0,quiet,Dst_star,0.0,30547,4
-30.0,-2.0,quiet,V^2,0.0,30547,4
-30.0,-2.0,quiet,Bs^2,0.0,30547,4
-30.0,-2.0,quiet,n^2,0.0,30547,4
-30.0,-2.0,quiet,V*Bs,0.0,30547,4
-30.0,-2.0,quiet,n*V,0.0,30547,4
-30.0,-2.0,quiet,n*Bs,0.0,30547,4
-30.0,-2.0,quiet,Pdyn*Bs,0.0,30547,4
-30.0,-2.0,quiet,n*V*Bs,0.0,30547,4
-30.0,-2.0,quiet,n*V^2,0.0,30547,4
-30.0,-2.0,quiet,sin(θ_c/2),1.8903259231963274,30547,4
-30.0,-2.0,quiet,sin²(θ_c/2),3.100868675079753,30547,4
-30.0,-2.0,quiet,sin⁴(θ_c/2),0.0,30547,4
-30.0,-2.0,quiet,sin^(8/3)(θ_c/2),-3.224289617420456,30547,4
-30.0,-2.0,quiet,V*sin²(θ_c/2),0.0,30547,4
-30.0,-2.0,quiet,Newell_d_Φ,-0.00042649394590619344,30547,4
-30.0,-2.0,main,1,-6.11670498526637,5719,9
-30.0,-2.0,main,V,0.0,5719,9
-30.0,-2.0,main,Bs,-0.4178267238549483,5719,9
-30.0,-2.0,main,n,0.0,5719,9
-30.0,-2.0,main,Pdyn,0.0,5719,9
-30.0,-2.0,main,Dst_star,0.0,5719,9
-30.0,-2.0,main,V^2,0.0,5719,9
-30.0,-2.0,main,Bs^2,-0.014085823057525447,5719,9
-30.0,-2.0,main,n^2,0.0,5719,9
-30.0,-2.0,main,V*Bs,0.001027196334524547,5719,9
-30.0,-2.0,main,n*V,0.0,5719,9
-30.0,-2.0,main,n*Bs,0.0,5719,9
-30.0,-2.0,main,Pdyn*Bs,0.0,5719,9
-30.0,-2.0,main,n*V*Bs,0.0,5719,9
-30.0,-2.0,main,n*V^2,0.0,5719,9
-30.0,-2.0,main,sin(θ_c/2),12.328515370060947,5719,9
-30.0,-2.0,main,sin²(θ_c/2),-65.63352491709685,5719,9
-30.0,-2.0,main,sin⁴(θ_c/2),-30.106681856515706,5719,9
-30.0,-2.0,main,sin^(8/3)(θ_c/2),90.16797812558538,5719,9
-30.0,-2.0,main,V*sin²(θ_c/2),0.0,5719,9
-30.0,-2.0,main,Newell_d_Φ,-0.00042946870566918163,5719,9
-30.0,-2.0,recovery,1,1.7491356447313016,24897,5
-30.0,-2.0,recovery,V,-0.005162818468982249,24897,5
-30.0,-2.0,recovery,Bs,0.0,24897,5
-30.0,-2.0,recovery,n,0.0,24897,5
-30.0,-2.0,recovery,Pdyn,0.0,24897,5
-30.0,-2.0,recovery,Dst_star,-0.047178001061120946,24897,5
-30.0,-2.0,recovery,V^2,3.1701142880123795e-6,24897,5
-30.0,-2.0,recovery,Bs^2,0.0,24897,5
-30.0,-2.0,recovery,n^2,0.0,24897,5
-30.0,-2.0,recovery,V*Bs,0.0,24897,5
-30.0,-2.0,recovery,n*V,0.0,24897,5
-30.0,-2.0,recovery,n*Bs,0.0,24897,5
-30.0,-2.0,recovery,Pdyn*Bs,0.0,24897,5
-30.0,-2.0,recovery,n*V*Bs,0.0,24897,5
-30.0,-2.0,recovery,n*V^2,0.0,24897,5
-30.0,-2.0,recovery,sin(θ_c/2),0.0,24897,5
-30.0,-2.0,recovery,sin²(θ_c/2),0.0,24897,5
-30.0,-2.0,recovery,sin⁴(θ_c/2),0.0,24897,5
-30.0,-2.0,recovery,sin^(8/3)(θ_c/2),-1.8613145687028383,24897,5
-30.0,-2.0,recovery,V*sin²(θ_c/2),0.0,24897,5
-30.0,-2.0,recovery,Newell_d_Φ,0.0,24897,5
-30.0,-1.0,quiet,1,0.0,30547,4
-30.0,-1.0,quiet,V,0.0,30547,4
-30.0,-1.0,quiet,Bs,0.0,30547,4
-30.0,-1.0,quiet,n,0.0,30547,4
-30.0,-1.0,quiet,Pdyn,0.0,30547,4
-30.0,-1.0,quiet,Dst_star,0.0,30547,4
-30.0,-1.0,quiet,V^2,0.0,30547,4
-30.0,-1.0,quiet,Bs^2,0.0,30547,4
-30.0,-1.0,quiet,n^2,0.0,30547,4
-30.0,-1.0,quiet,V*Bs,0.0,30547,4
-30.0,-1.0,quiet,n*V,0.0,30547,4
-30.0,-1.0,quiet,n*Bs,0.0,30547,4
-30.0,-1.0,quiet,Pdyn*Bs,0.0,30547,4
-30.0,-1.0,quiet,n*V*Bs,0.0,30547,4
-30.0,-1.0,quiet,n*V^2,0.0,30547,4
-30.0,-1.0,quiet,sin(θ_c/2),1.8903259231963274,30547,4
-30.0,-1.0,quiet,sin²(θ_c/2),3.100868675079753,30547,4
-30.0,-1.0,quiet,sin⁴(θ_c/2),0.0,30547,4
-30.0,-1.0,quiet,sin^(8/3)(θ_c/2),-3.224289617420456,30547,4
-30.0,-1.0,quiet,V*sin²(θ_c/2),0.0,30547,4
-30.0,-1.0,quiet,Newell_d_Φ,-0.00042649394590619344,30547,4
-30.0,-1.0,main,1,-4.764060588097651,8492,7
-30.0,-1.0,main,V,0.0,8492,7
-30.0,-1.0,main,Bs,0.0,8492,7
-30.0,-1.0,main,n,0.0,8492,7
-30.0,-1.0,main,Pdyn,0.0,8492,7
-30.0,-1.0,main,Dst_star,0.0,8492,7
-30.0,-1.0,main,V^2,0.0,8492,7
-30.0,-1.0,main,Bs^2,0.0,8492,7
-30.0,-1.0,main,n^2,0.0,8492,7
-30.0,-1.0,main,V*Bs,0.0,8492,7
-30.0,-1.0,main,n*V,0.0,8492,7
-30.0,-1.0,main,n*Bs,0.0,8492,7
-30.0,-1.0,main,Pdyn*Bs,0.0,8492,7
-30.0,-1.0,main,n*V*Bs,-5.620482547054315e-5,8492,7
-30.0,-1.0,main,n*V^2,0.0,8492,7
-30.0,-1.0,main,sin(θ_c/2),23.118273063308333,8492,7
-30.0,-1.0,main,sin²(θ_c/2),-132.5349913993942,8492,7
-30.0,-1.0,main,sin⁴(θ_c/2),-52.48453543557324,8492,7
-30.0,-1.0,main,sin^(8/3)(θ_c/2),166.8340341258005,8492,7
-30.0,-1.0,main,V*sin²(θ_c/2),0.0,8492,7
-30.0,-1.0,main,Newell_d_Φ,-0.00026581065845909205,8492,7
-30.0,-1.0,recovery,1,1.1697854433186758,22272,4
-30.0,-1.0,recovery,V,-0.00542394779760361,22272,4
-30.0,-1.0,recovery,Bs,0.0,22272,4
-30.0,-1.0,recovery,n,0.0,22272,4
-30.0,-1.0,recovery,Pdyn,0.0,22272,4
-30.0,-1.0,recovery,Dst_star,-0.045885574665317584,22272,4
-30.0,-1.0,recovery,V^2,3.728488129004394e-6,22272,4
-30.0,-1.0,recovery,Bs^2,0.0,22272,4
-30.0,-1.0,recovery,n^2,0.0,22272,4
-30.0,-1.0,recovery,V*Bs,0.0,22272,4
-30.0,-1.0,recovery,n*V,0.0,22272,4
-30.0,-1.0,recovery,n*Bs,0.0,22272,4
-30.0,-1.0,recovery,Pdyn*Bs,0.0,22272,4
-30.0,-1.0,recovery,n*V*Bs,0.0,22272,4
-30.0,-1.0,recovery,n*V^2,0.0,22272,4
-30.0,-1.0,recovery,sin(θ_c/2),0.0,22272,4
-30.0,-1.0,recovery,sin²(θ_c/2),0.0,22272,4
-30.0,-1.0,recovery,sin⁴(θ_c/2),0.0,22272,4
-30.0,-1.0,recovery,sin^(8/3)(θ_c/2),0.0,22272,4
-30.0,-1.0,recovery,V*sin²(θ_c/2),0.0,22272,4
-30.0,-1.0,recovery,Newell_d_Φ,0.0,22272,4
-30.0,0.0,quiet,1,0.0,30547,4
-30.0,0.0,quiet,V,0.0,30547,4
-30.0,0.0,quiet,Bs,0.0,30547,4
-30.0,0.0,quiet,n,0.0,30547,4
-30.0,0.0,quiet,Pdyn,0.0,30547,4
-30.0,0.0,quiet,Dst_star,0.0,30547,4
-30.0,0.0,quiet,V^2,0.0,30547,4
-30.0,0.0,quiet,Bs^2,0.0,30547,4
-30.0,0.0,quiet,n^2,0.0,30547,4
-30.0,0.0,quiet,V*Bs,0.0,30547,4
-30.0,0.0,quiet,n*V,0.0,30547,4
-30.0,0.0,quiet,n*Bs,0.0,30547,4
-30.0,0.0,quiet,Pdyn*Bs,0.0,30547,4
-30.0,0.0,quiet,n*V*Bs,0.0,30547,4
-30.0,0.0,quiet,n*V^2,0.0,30547,4
-30.0,0.0,quiet,sin(θ_c/2),1.8903259231963274,30547,4
-30.0,0.0,quiet,sin²(θ_c/2),3.100868675079753,30547,4
-30.0,0.0,quiet,sin⁴(θ_c/2),0.0,30547,4
-30.0,0.0,quiet,sin^(8/3)(θ_c/2),-3.224289617420456,30547,4
-30.0,0.0,quiet,V*sin²(θ_c/2),0.0,30547,4
-30.0,0.0,quiet,Newell_d_Φ,-0.00042649394590619344,30547,4
-30.0,0.0,main,1,0.0,12527,7
-30.0,0.0,main,V,0.0,12527,7
-30.0,0.0,main,Bs,-0.3802026527510932,12527,7
-30.0,0.0,main,n,0.0,12527,7
-30.0,0.0,main,Pdyn,0.0,12527,7
-30.0,0.0,main,Dst_star,0.0,12527,7
-30.0,0.0,main,V^2,0.0,12527,7
-30.0,0.0,main,Bs^2,0.0,12527,7
-30.0,0.0,main,n^2,0.0,12527,7
-30.0,0.0,main,V*Bs,-0.000676037380206365,12527,7
-30.0,0.0,main,n*V,0.0,12527,7
-30.0,0.0,main,n*Bs,0.0,12527,7
-30.0,0.0,main,Pdyn*Bs,0.0,12527,7
-30.0,0.0,main,n*V*Bs,0.0,12527,7
-30.0,0.0,main,n*V^2,-8.306179529584414e-7,12527,7
-30.0,0.0,main,sin(θ_c/2),8.62686189246472,12527,7
-30.0,0.0,main,sin²(θ_c/2),-69.00059779772394,12527,7
-30.0,0.0,main,sin⁴(θ_c/2),-24.604362607536594,12527,7
-30.0,0.0,main,sin^(8/3)(θ_c/2),87.05128540414263,12527,7
-30.0,0.0,main,V*sin²(θ_c/2),0.0,12527,7
-30.0,0.0,main,Newell_d_Φ,0.0,12527,7
-30.0,0.0,recovery,1,0.0,18296,1
-30.0,0.0,recovery,V,0.0,18296,1
-30.0,0.0,recovery,Bs,0.0,18296,1
-30.0,0.0,recovery,n,0.0,18296,1
-30.0,0.0,recovery,Pdyn,0.0,18296,1
-30.0,0.0,recovery,Dst_star,-0.04336152790545,18296,1
-30.0,0.0,recovery,V^2,0.0,18296,1
-30.0,0.0,recovery,Bs^2,0.0,18296,1
-30.0,0.0,recovery,n^2,0.0,18296,1
-30.0,0.0,recovery,V*Bs,0.0,18296,1
-30.0,0.0,recovery,n*V,0.0,18296,1
-30.0,0.0,recovery,n*Bs,0.0,18296,1
-30.0,0.0,recovery,Pdyn*Bs,0.0,18296,1
-30.0,0.0,recovery,n*V*Bs,0.0,18296,1
-30.0,0.0,recovery,n*V^2,0.0,18296,1
-30.0,0.0,recovery,sin(θ_c/2),0.0,18296,1
-30.0,0.0,recovery,sin²(θ_c/2),0.0,18296,1
-30.0,0.0,recovery,sin⁴(θ_c/2),0.0,18296,1
-30.0,0.0,recovery,sin^(8/3)(θ_c/2),0.0,18296,1
-30.0,0.0,recovery,V*sin²(θ_c/2),0.0,18296,1
-30.0,0.0,recovery,Newell_d_Φ,0.0,18296,1
-25.0,-4.0,quiet,1,0.0,24295,7
-25.0,-4.0,quiet,V,0.0,24295,7
-25.0,-4.0,quiet,Bs,0.0,24295,7
-25.0,-4.0,quiet,n,-0.1968095546327181,24295,7
-25.0,-4.0,quiet,Pdyn,0.0,24295,7
-25.0,-4.0,quiet,Dst_star,0.0,24295,7
-25.0,-4.0,quiet,V^2,5.261063067794533e-6,24295,7
-25.0,-4.0,quiet,Bs^2,0.0,24295,7
-25.0,-4.0,quiet,n^2,0.0,24295,7
-25.0,-4.0,quiet,V*Bs,0.0,24295,7
-25.0,-4.0,quiet,n*V,0.0011854876750985626,24295,7
-25.0,-4.0,quiet,n*Bs,0.0,24295,7
-25.0,-4.0,quiet,Pdyn*Bs,0.0,24295,7
-25.0,-4.0,quiet,n*V*Bs,0.0,24295,7
-25.0,-4.0,quiet,n*V^2,-2.1189603901062167e-6,24295,7
-25.0,-4.0,quiet,sin(θ_c/2),0.0,24295,7
-25.0,-4.0,quiet,sin²(θ_c/2),5.648228481498334,24295,7
-25.0,-4.0,quiet,sin⁴(θ_c/2),0.0,24295,7
-25.0,-4.0,quiet,sin^(8/3)(θ_c/2),-4.6306467918287755,24295,7
-25.0,-4.0,quiet,V*sin²(θ_c/2),0.0,24295,7
-25.0,-4.0,quiet,Newell_d_Φ,-0.0004062551562269091,24295,7
-25.0,-4.0,main,1,-8.333890331520454,3019,6
-25.0,-4.0,main,V,0.0,3019,6
-25.0,-4.0,main,Bs,0.0,3019,6
-25.0,-4.0,main,n,0.0,3019,6
-25.0,-4.0,main,Pdyn,0.0,3019,6
-25.0,-4.0,main,Dst_star,0.0,3019,6
-25.0,-4.0,main,V^2,0.0,3019,6
-25.0,-4.0,main,Bs^2,0.0,3019,6
-25.0,-4.0,main,n^2,0.0,3019,6
-25.0,-4.0,main,V*Bs,0.0,3019,6
-25.0,-4.0,main,n*V,0.0,3019,6
-25.0,-4.0,main,n*Bs,0.0,3019,6
-25.0,-4.0,main,Pdyn*Bs,0.0,3019,6
-25.0,-4.0,main,n*V*Bs,0.0,3019,6
-25.0,-4.0,main,n*V^2,0.0,3019,6
-25.0,-4.0,main,sin(θ_c/2),0.0,3019,6
-25.0,-4.0,main,sin²(θ_c/2),-30.404684384633935,3019,6
-25.0,-4.0,main,sin⁴(θ_c/2),-27.203555445962294,3019,6
-25.0,-4.0,main,sin^(8/3)(θ_c/2),59.859106244781096,3019,6
-25.0,-4.0,main,V*sin²(θ_c/2),0.012011625293985402,3019,6
-25.0,-4.0,main,Newell_d_Φ,-0.00051384629965632,3019,6
-25.0,-4.0,recovery,1,1.9160716528903574,33639,9
-25.0,-4.0,recovery,V,-0.008195929760620892,33639,9
-25.0,-4.0,recovery,Bs,-0.384646984232295,33639,9
-25.0,-4.0,recovery,n,0.0,33639,9
-25.0,-4.0,recovery,Pdyn,0.0,33639,9
-25.0,-4.0,recovery,Dst_star,-0.05517626711695872,33639,9
-25.0,-4.0,recovery,V^2,4.936560922705138e-6,33639,9
-25.0,-4.0,recovery,Bs^2,0.0,33639,9
-25.0,-4.0,recovery,n^2,0.0,33639,9
-25.0,-4.0,recovery,V*Bs,0.0,33639,9
-25.0,-4.0,recovery,n*V,0.0,33639,9
-25.0,-4.0,recovery,n*Bs,0.0,33639,9
-25.0,-4.0,recovery,Pdyn*Bs,0.0,33639,9
-25.0,-4.0,recovery,n*V*Bs,0.0,33639,9
-25.0,-4.0,recovery,n*V^2,0.0,33639,9
-25.0,-4.0,recovery,sin(θ_c/2),4.286993069346128,33639,9
-25.0,-4.0,recovery,sin²(θ_c/2),-18.961004157624625,33639,9
-25.0,-4.0,recovery,sin⁴(θ_c/2),-3.531475912388918,33639,9
-25.0,-4.0,recovery,sin^(8/3)(θ_c/2),18.131423986414998,33639,9
-25.0,-4.0,recovery,V*sin²(θ_c/2),0.0,33639,9
-25.0,-4.0,recovery,Newell_d_Φ,0.0,33639,9
-25.0,-3.0,quiet,1,0.0,24295,7
-25.0,-3.0,quiet,V,0.0,24295,7
-25.0,-3.0,quiet,Bs,0.0,24295,7
-25.0,-3.0,quiet,n,-0.1968095546327181,24295,7
-25.0,-3.0,quiet,Pdyn,0.0,24295,7
-25.0,-3.0,quiet,Dst_star,0.0,24295,7
-25.0,-3.0,quiet,V^2,5.261063067794533e-6,24295,7
-25.0,-3.0,quiet,Bs^2,0.0,24295,7
-25.0,-3.0,quiet,n^2,0.0,24295,7
-25.0,-3.0,quiet,V*Bs,0.0,24295,7
-25.0,-3.0,quiet,n*V,0.0011854876750985626,24295,7
-25.0,-3.0,quiet,n*Bs,0.0,24295,7
-25.0,-3.0,quiet,Pdyn*Bs,0.0,24295,7
-25.0,-3.0,quiet,n*V*Bs,0.0,24295,7
-25.0,-3.0,quiet,n*V^2,-2.1189603901062167e-6,24295,7
-25.0,-3.0,quiet,sin(θ_c/2),0.0,24295,7
-25.0,-3.0,quiet,sin²(θ_c/2),5.648228481498334,24295,7
-25.0,-3.0,quiet,sin⁴(θ_c/2),0.0,24295,7
-25.0,-3.0,quiet,sin^(8/3)(θ_c/2),-4.6306467918287755,24295,7
-25.0,-3.0,quiet,V*sin²(θ_c/2),0.0,24295,7
-25.0,-3.0,quiet,Newell_d_Φ,-0.0004062551562269091,24295,7
-25.0,-3.0,main,1,-6.808521302175915,4442,8
-25.0,-3.0,main,V,0.0,4442,8
-25.0,-3.0,main,Bs,0.0,4442,8
-25.0,-3.0,main,n,0.0,4442,8
-25.0,-3.0,main,Pdyn,0.0,4442,8
-25.0,-3.0,main,Dst_star,0.0,4442,8
-25.0,-3.0,main,V^2,0.0,4442,8
-25.0,-3.0,main,Bs^2,-0.01575935311799556,4442,8
-25.0,-3.0,main,n^2,0.0,4442,8
-25.0,-3.0,main,V*Bs,0.0009075898830811976,4442,8
-25.0,-3.0,main,n*V,0.0,4442,8
-25.0,-3.0,main,n*Bs,0.0,4442,8
-25.0,-3.0,main,Pdyn*Bs,0.0,4442,8
-25.0,-3.0,main,n*V*Bs,-4.193040754987183e-5,4442,8
-25.0,-3.0,main,n*V^2,0.0,4442,8
-25.0,-3.0,main,sin(θ_c/2),0.0,4442,8
-25.0,-3.0,main,sin²(θ_c/2),-10.351824056425476,4442,8
-25.0,-3.0,main,sin⁴(θ_c/2),-16.539653849432693,4442,8
-25.0,-3.0,main,sin^(8/3)(θ_c/2),31.67165458564964,4442,8
-25.0,-3.0,main,V*sin²(θ_c/2),0.0,4442,8
-25.0,-3.0,main,Newell_d_Φ,-0.00038362339944552064,4442,8
-25.0,-3.0,recovery,1,1.957848455126233,32365,8
-25.0,-3.0,recovery,V,-0.007745032259308145,32365,8
-25.0,-3.0,recovery,Bs,-0.32284270647445357,32365,8
-25.0,-3.0,recovery,n,0.0,32365,8
-25.0,-3.0,recovery,Pdyn,0.0,32365,8
-25.0,-3.0,recovery,Dst_star,-0.05403610672176795,32365,8
-25.0,-3.0,recovery,V^2,4.682547264925951e-6,32365,8
-25.0,-3.0,recovery,Bs^2,0.0,32365,8
-25.0,-3.0,recovery,n^2,0.0,32365,8
-25.0,-3.0,recovery,V*Bs,0.0,32365,8
-25.0,-3.0,recovery,n*V,0.0,32365,8
-25.0,-3.0,recovery,n*Bs,0.0,32365,8
-25.0,-3.0,recovery,Pdyn*Bs,0.0,32365,8
-25.0,-3.0,recovery,n*V*Bs,0.0,32365,8
-25.0,-3.0,recovery,n*V^2,0.0,32365,8
-25.0,-3.0,recovery,sin(θ_c/2),2.2390438222500775,32365,8
-25.0,-3.0,recovery,sin²(θ_c/2),-8.11215550444701,32365,8
-25.0,-3.0,recovery,sin⁴(θ_c/2),0.0,32365,8
-25.0,-3.0,recovery,sin^(8/3)(θ_c/2),5.6475868217335945,32365,8
-25.0,-3.0,recovery,V*sin²(θ_c/2),0.0,32365,8
-25.0,-3.0,recovery,Newell_d_Φ,0.0,32365,8
-25.0,-2.0,quiet,1,0.0,24295,7
-25.0,-2.0,quiet,V,0.0,24295,7
-25.0,-2.0,quiet,Bs,0.0,24295,7
-25.0,-2.0,quiet,n,-0.1968095546327181,24295,7
-25.0,-2.0,quiet,Pdyn,0.0,24295,7
-25.0,-2.0,quiet,Dst_star,0.0,24295,7
-25.0,-2.0,quiet,V^2,5.261063067794533e-6,24295,7
-25.0,-2.0,quiet,Bs^2,0.0,24295,7
-25.0,-2.0,quiet,n^2,0.0,24295,7
-25.0,-2.0,quiet,V*Bs,0.0,24295,7
-25.0,-2.0,quiet,n*V,0.0011854876750985626,24295,7
-25.0,-2.0,quiet,n*Bs,0.0,24295,7
-25.0,-2.0,quiet,Pdyn*Bs,0.0,24295,7
-25.0,-2.0,quiet,n*V*Bs,0.0,24295,7
-25.0,-2.0,quiet,n*V^2,-2.1189603901062167e-6,24295,7
-25.0,-2.0,quiet,sin(θ_c/2),0.0,24295,7
-25.0,-2.0,quiet,sin²(θ_c/2),5.648228481498334,24295,7
-25.0,-2.0,quiet,sin⁴(θ_c/2),0.0,24295,7
-25.0,-2.0,quiet,sin^(8/3)(θ_c/2),-4.6306467918287755,24295,7
-25.0,-2.0,quiet,V*sin²(θ_c/2),0.0,24295,7
-25.0,-2.0,quiet,Newell_d_Φ,-0.0004062551562269091,24295,7
-25.0,-2.0,main,1,-5.950168922976266,6642,9
-25.0,-2.0,main,V,0.0,6642,9
-25.0,-2.0,main,Bs,-0.4273225803335804,6642,9
-25.0,-2.0,main,n,0.0,6642,9
-25.0,-2.0,main,Pdyn,0.0,6642,9
-25.0,-2.0,main,Dst_star,0.0,6642,9
-25.0,-2.0,main,V^2,0.0,6642,9
-25.0,-2.0,main,Bs^2,-0.013895443864711728,6642,9
-25.0,-2.0,main,n^2,0.0,6642,9
-25.0,-2.0,main,V*Bs,0.0010199483454684049,6642,9
-25.0,-2.0,main,n*V,0.0,6642,9
-25.0,-2.0,main,n*Bs,0.0,6642,9
-25.0,-2.0,main,Pdyn*Bs,0.0,6642,9
-25.0,-2.0,main,n*V*Bs,0.0,6642,9
-25.0,-2.0,main,n*V^2,0.0,6642,9
-25.0,-2.0,main,sin(θ_c/2),11.928167949616594,6642,9
-25.0,-2.0,main,sin²(θ_c/2),-61.03240462007171,6642,9
-25.0,-2.0,main,sin⁴(θ_c/2),-27.616834184672662,6642,9
-25.0,-2.0,main,sin^(8/3)(θ_c/2),83.27922537347563,6642,9
-25.0,-2.0,main,V*sin²(θ_c/2),0.0,6642,9
-25.0,-2.0,main,Newell_d_Φ,-0.000425422006029446,6642,9
-25.0,-2.0,recovery,1,0.0,30346,2
-25.0,-2.0,recovery,V,0.0,30346,2
-25.0,-2.0,recovery,Bs,0.0,30346,2
-25.0,-2.0,recovery,n,0.0,30346,2
-25.0,-2.0,recovery,Pdyn,0.0,30346,2
-25.0,-2.0,recovery,Dst_star,-0.046210406141277346,30346,2
-25.0,-2.0,recovery,V^2,0.0,30346,2
-25.0,-2.0,recovery,Bs^2,0.0,30346,2
-25.0,-2.0,recovery,n^2,0.0,30346,2
-25.0,-2.0,recovery,V*Bs,0.0,30346,2
-25.0,-2.0,recovery,n*V,0.0,30346,2
-25.0,-2.0,recovery,n*Bs,0.0,30346,2
-25.0,-2.0,recovery,Pdyn*Bs,0.0,30346,2
-25.0,-2.0,recovery,n*V*Bs,0.0,30346,2
-25.0,-2.0,recovery,n*V^2,0.0,30346,2
-25.0,-2.0,recovery,sin(θ_c/2),0.0,30346,2
-25.0,-2.0,recovery,sin²(θ_c/2),-1.5934292500125184,30346,2
-25.0,-2.0,recovery,sin⁴(θ_c/2),0.0,30346,2
-25.0,-2.0,recovery,sin^(8/3)(θ_c/2),0.0,30346,2
-25.0,-2.0,recovery,V*sin²(θ_c/2),0.0,30346,2
-25.0,-2.0,recovery,Newell_d_Φ,0.0,30346,2
-25.0,-1.0,quiet,1,0.0,24295,7
-25.0,-1.0,quiet,V,0.0,24295,7
-25.0,-1.0,quiet,Bs,0.0,24295,7
-25.0,-1.0,quiet,n,-0.1968095546327181,24295,7
-25.0,-1.0,quiet,Pdyn,0.0,24295,7
-25.0,-1.0,quiet,Dst_star,0.0,24295,7
-25.0,-1.0,quiet,V^2,5.261063067794533e-6,24295,7
-25.0,-1.0,quiet,Bs^2,0.0,24295,7
-25.0,-1.0,quiet,n^2,0.0,24295,7
-25.0,-1.0,quiet,V*Bs,0.0,24295,7
-25.0,-1.0,quiet,n*V,0.0011854876750985626,24295,7
-25.0,-1.0,quiet,n*Bs,0.0,24295,7
-25.0,-1.0,quiet,Pdyn*Bs,0.0,24295,7
-25.0,-1.0,quiet,n*V*Bs,0.0,24295,7
-25.0,-1.0,quiet,n*V^2,-2.1189603901062167e-6,24295,7
-25.0,-1.0,quiet,sin(θ_c/2),0.0,24295,7
-25.0,-1.0,quiet,sin²(θ_c/2),5.648228481498334,24295,7
-25.0,-1.0,quiet,sin⁴(θ_c/2),0.0,24295,7
-25.0,-1.0,quiet,sin^(8/3)(θ_c/2),-4.6306467918287755,24295,7
-25.0,-1.0,quiet,V*sin²(θ_c/2),0.0,24295,7
-25.0,-1.0,quiet,Newell_d_Φ,-0.0004062551562269091,24295,7
-25.0,-1.0,main,1,-3.7649378644518876,10026,11
-25.0,-1.0,main,V,0.0,10026,11
-25.0,-1.0,main,Bs,-0.5036595670680578,10026,11
-25.0,-1.0,main,n,0.0,10026,11
-25.0,-1.0,main,Pdyn,0.0,10026,11
-25.0,-1.0,main,Dst_star,0.0,10026,11
-25.0,-1.0,main,V^2,0.0,10026,11
-25.0,-1.0,main,Bs^2,-0.01301770310127421,10026,11
-25.0,-1.0,main,n^2,0.0,10026,11
-25.0,-1.0,main,V*Bs,0.0017326370813567002,10026,11
-25.0,-1.0,main,n*V,0.0,10026,11
-25.0,-1.0,main,n*Bs,0.019058748445789815,10026,11
-25.0,-1.0,main,Pdyn*Bs,0.0,10026,11
-25.0,-1.0,main,n*V*Bs,-8.452033504607894e-5,10026,11
-25.0,-1.0,main,n*V^2,0.0,10026,11
-25.0,-1.0,main,sin(θ_c/2),5.848479381333613,10026,11
-25.0,-1.0,main,sin²(θ_c/2),-39.10498713999141,10026,11
-25.0,-1.0,main,sin⁴(θ_c/2),-23.490264684313015,10026,11
-25.0,-1.0,main,sin^(8/3)(θ_c/2),61.16900692837576,10026,11
-25.0,-1.0,main,V*sin²(θ_c/2),0.0,10026,11
-25.0,-1.0,main,Newell_d_Φ,-0.00043388245950920935,10026,11
-25.0,-1.0,recovery,1,1.7600731698710361,27101,6
-25.0,-1.0,recovery,V,-0.005765872402622353,27101,6
-25.0,-1.0,recovery,Bs,0.0,27101,6
-25.0,-1.0,recovery,n,0.0,27101,6
-25.0,-1.0,recovery,Pdyn,0.0,27101,6
-25.0,-1.0,recovery,Dst_star,-0.046361909650036864,27101,6
-25.0,-1.0,recovery,V^2,3.8288467937655606e-6,27101,6
-25.0,-1.0,recovery,Bs^2,0.0,27101,6
-25.0,-1.0,recovery,n^2,0.0,27101,6
-25.0,-1.0,recovery,V*Bs,0.0,27101,6
-25.0,-1.0,recovery,n*V,0.0,27101,6
-25.0,-1.0,recovery,n*Bs,0.0,27101,6
-25.0,-1.0,recovery,Pdyn*Bs,0.0,27101,6
-25.0,-1.0,recovery,n*V*Bs,0.0,27101,6
-25.0,-1.0,recovery,n*V^2,0.0,27101,6
-25.0,-1.0,recovery,sin(θ_c/2),1.4708883973459108,27101,6
-25.0,-1.0,recovery,sin²(θ_c/2),-2.6273357999844014,27101,6
-25.0,-1.0,recovery,sin⁴(θ_c/2),0.0,27101,6
-25.0,-1.0,recovery,sin^(8/3)(θ_c/2),0.0,27101,6
-25.0,-1.0,recovery,V*sin²(θ_c/2),0.0,27101,6
-25.0,-1.0,recovery,Newell_d_Φ,0.0,27101,6
-25.0,0.0,quiet,1,0.0,24295,7
-25.0,0.0,quiet,V,0.0,24295,7
-25.0,0.0,quiet,Bs,0.0,24295,7
-25.0,0.0,quiet,n,-0.1968095546327181,24295,7
-25.0,0.0,quiet,Pdyn,0.0,24295,7
-25.0,0.0,quiet,Dst_star,0.0,24295,7
-25.0,0.0,quiet,V^2,5.261063067794533e-6,24295,7
-25.0,0.0,quiet,Bs^2,0.0,24295,7
-25.0,0.0,quiet,n^2,0.0,24295,7
-25.0,0.0,quiet,V*Bs,0.0,24295,7
-25.0,0.0,quiet,n*V,0.0011854876750985626,24295,7
-25.0,0.0,quiet,n*Bs,0.0,24295,7
-25.0,0.0,quiet,Pdyn*Bs,0.0,24295,7
-25.0,0.0,quiet,n*V*Bs,0.0,24295,7
-25.0,0.0,quiet,n*V^2,-2.1189603901062167e-6,24295,7
-25.0,0.0,quiet,sin(θ_c/2),0.0,24295,7
-25.0,0.0,quiet,sin²(θ_c/2),5.648228481498334,24295,7
-25.0,0.0,quiet,sin⁴(θ_c/2),0.0,24295,7
-25.0,0.0,quiet,sin^(8/3)(θ_c/2),-4.6306467918287755,24295,7
-25.0,0.0,quiet,V*sin²(θ_c/2),0.0,24295,7
-25.0,0.0,quiet,Newell_d_Φ,-0.0004062551562269091,24295,7
-25.0,0.0,main,1,0.0,15203,7
-25.0,0.0,main,V,0.0,15203,7
-25.0,0.0,main,Bs,-0.382458030932946,15203,7
-25.0,0.0,main,n,0.0,15203,7
-25.0,0.0,main,Pdyn,0.0,15203,7
-25.0,0.0,main,Dst_star,0.0,15203,7
-25.0,0.0,main,V^2,0.0,15203,7
-25.0,0.0,main,Bs^2,0.0,15203,7
-25.0,0.0,main,n^2,0.0,15203,7
-25.0,0.0,main,V*Bs,-0.0006648666948674641,15203,7
-25.0,0.0,main,n*V,0.0,15203,7
-25.0,0.0,main,n*Bs,0.0,15203,7
-25.0,0.0,main,Pdyn*Bs,0.0,15203,7
-25.0,0.0,main,n*V*Bs,0.0,15203,7
-25.0,0.0,main,n*V^2,-8.253685427377925e-7,15203,7
-25.0,0.0,main,sin(θ_c/2),7.484554058182689,15203,7
-25.0,0.0,main,sin²(θ_c/2),-59.68081673436627,15203,7
-25.0,0.0,main,sin⁴(θ_c/2),-20.922573653031804,15203,7
-25.0,0.0,main,sin^(8/3)(θ_c/2),75.09699341060262,15203,7
-25.0,0.0,main,V*sin²(θ_c/2),0.0,15203,7
-25.0,0.0,main,Newell_d_Φ,0.0,15203,7
-25.0,0.0,recovery,1,0.0,21945,1
-25.0,0.0,recovery,V,0.0,21945,1
-25.0,0.0,recovery,Bs,0.0,21945,1
-25.0,0.0,recovery,n,0.0,21945,1
-25.0,0.0,recovery,Pdyn,0.0,21945,1
-25.0,0.0,recovery,Dst_star,-0.04375772518315824,21945,1
-25.0,0.0,recovery,V^2,0.0,21945,1
-25.0,0.0,recovery,Bs^2,0.0,21945,1
-25.0,0.0,recovery,n^2,0.0,21945,1
-25.0,0.0,recovery,V*Bs,0.0,21945,1
-25.0,0.0,recovery,n*V,0.0,21945,1
-25.0,0.0,recovery,n*Bs,0.0,21945,1
-25.0,0.0,recovery,Pdyn*Bs,0.0,21945,1
-25.0,0.0,recovery,n*V*Bs,0.0,21945,1
-25.0,0.0,recovery,n*V^2,0.0,21945,1
-25.0,0.0,recovery,sin(θ_c/2),0.0,21945,1
-25.0,0.0,recovery,sin²(θ_c/2),0.0,21945,1
-25.0,0.0,recovery,sin⁴(θ_c/2),0.0,21945,1
-25.0,0.0,recovery,sin^(8/3)(θ_c/2),0.0,21945,1
-25.0,0.0,recovery,V*sin²(θ_c/2),0.0,21945,1
-25.0,0.0,recovery,Newell_d_Φ,0.0,21945,1
-20.0,-4.0,quiet,1,0.0,18262,5
-20.0,-4.0,quiet,V,0.0,18262,5
-20.0,-4.0,quiet,Bs,0.0,18262,5
-20.0,-4.0,quiet,n,-0.20359591337858668,18262,5
-20.0,-4.0,quiet,Pdyn,0.0,18262,5
-20.0,-4.0,quiet,Dst_star,0.0,18262,5
-20.0,-4.0,quiet,V^2,0.0,18262,5
-20.0,-4.0,quiet,Bs^2,0.0,18262,5
-20.0,-4.0,quiet,n^2,0.0,18262,5
-20.0,-4.0,quiet,V*Bs,0.0,18262,5
-20.0,-4.0,quiet,n*V,0.000944230466386464,18262,5
-20.0,-4.0,quiet,n*Bs,0.0,18262,5
-20.0,-4.0,quiet,Pdyn*Bs,0.0,18262,5
-20.0,-4.0,quiet,n*V*Bs,0.0,18262,5
-20.0,-4.0,quiet,n*V^2,-1.2347203686781278e-6,18262,5
-20.0,-4.0,quiet,sin(θ_c/2),0.0,18262,5
-20.0,-4.0,quiet,sin²(θ_c/2),2.589360936577234,18262,5
-20.0,-4.0,quiet,sin⁴(θ_c/2),0.0,18262,5
-20.0,-4.0,quiet,sin^(8/3)(θ_c/2),0.0,18262,5
-20.0,-4.0,quiet,V*sin²(θ_c/2),0.0,18262,5
-20.0,-4.0,quiet,Newell_d_Φ,-0.0004637132639904534,18262,5
-20.0,-4.0,main,1,0.0,3378,6
-20.0,-4.0,main,V,-0.01340304608804907,3378,6
-20.0,-4.0,main,Bs,0.0,3378,6
-20.0,-4.0,main,n,0.0,3378,6
-20.0,-4.0,main,Pdyn,0.0,3378,6
-20.0,-4.0,main,Dst_star,0.0,3378,6
-20.0,-4.0,main,V^2,0.0,3378,6
-20.0,-4.0,main,Bs^2,0.0,3378,6
-20.0,-4.0,main,n^2,0.0,3378,6
-20.0,-4.0,main,V*Bs,0.0,3378,6
-20.0,-4.0,main,n*V,0.0,3378,6
-20.0,-4.0,main,n*Bs,0.0,3378,6
-20.0,-4.0,main,Pdyn*Bs,0.0,3378,6
-20.0,-4.0,main,n*V*Bs,0.0,3378,6
-20.0,-4.0,main,n*V^2,0.0,3378,6
-20.0,-4.0,main,sin(θ_c/2),0.0,3378,6
-20.0,-4.0,main,sin²(θ_c/2),-57.74430624395705,3378,6
-20.0,-4.0,main,sin⁴(θ_c/2),-34.399726589742805,3378,6
-20.0,-4.0,main,sin^(8/3)(θ_c/2),84.94258887863114,3378,6
-20.0,-4.0,main,V*sin²(θ_c/2),0.027817632547838193,3378,6
-20.0,-4.0,main,Newell_d_Φ,-0.0005184147125937636,3378,6
-20.0,-4.0,recovery,1,1.8840330356863693,39361,9
-20.0,-4.0,recovery,V,-0.007551871412235165,39361,9
-20.0,-4.0,recovery,Bs,-0.37691656323944417,39361,9
-20.0,-4.0,recovery,n,0.0,39361,9
-20.0,-4.0,recovery,Pdyn,0.0,39361,9
-20.0,-4.0,recovery,Dst_star,-0.05310874098562688,39361,9
-20.0,-4.0,recovery,V^2,4.481238370886161e-6,39361,9
-20.0,-4.0,recovery,Bs^2,0.0,39361,9
-20.0,-4.0,recovery,n^2,0.0,39361,9
-20.0,-4.0,recovery,V*Bs,0.0,39361,9
-20.0,-4.0,recovery,n*V,0.0,39361,9
-20.0,-4.0,recovery,n*Bs,0.0,39361,9
-20.0,-4.0,recovery,Pdyn*Bs,0.0,39361,9
-20.0,-4.0,recovery,n*V*Bs,0.0,39361,9
-20.0,-4.0,recovery,n*V^2,0.0,39361,9
-20.0,-4.0,recovery,sin(θ_c/2),3.6536921565821894,39361,9
-20.0,-4.0,recovery,sin²(θ_c/2),-15.935959089572991,39361,9
-20.0,-4.0,recovery,sin⁴(θ_c/2),-2.656869122960492,39361,9
-20.0,-4.0,recovery,sin^(8/3)(θ_c/2),14.809445412343509,39361,9
-20.0,-4.0,recovery,V*sin²(θ_c/2),0.0,39361,9
-20.0,-4.0,recovery,Newell_d_Φ,0.0,39361,9
-20.0,-3.0,quiet,1,0.0,18262,5
-20.0,-3.0,quiet,V,0.0,18262,5
-20.0,-3.0,quiet,Bs,0.0,18262,5
-20.0,-3.0,quiet,n,-0.20359591337858668,18262,5
-20.0,-3.0,quiet,Pdyn,0.0,18262,5
-20.0,-3.0,quiet,Dst_star,0.0,18262,5
-20.0,-3.0,quiet,V^2,0.0,18262,5
-20.0,-3.0,quiet,Bs^2,0.0,18262,5
-20.0,-3.0,quiet,n^2,0.0,18262,5
-20.0,-3.0,quiet,V*Bs,0.0,18262,5
-20.0,-3.0,quiet,n*V,0.000944230466386464,18262,5
-20.0,-3.0,quiet,n*Bs,0.0,18262,5
-20.0,-3.0,quiet,Pdyn*Bs,0.0,18262,5
-20.0,-3.0,quiet,n*V*Bs,0.0,18262,5
-20.0,-3.0,quiet,n*V^2,-1.2347203686781278e-6,18262,5
-20.0,-3.0,quiet,sin(θ_c/2),0.0,18262,5
-20.0,-3.0,quiet,sin²(θ_c/2),2.589360936577234,18262,5
-20.0,-3.0,quiet,sin⁴(θ_c/2),0.0,18262,5
-20.0,-3.0,quiet,sin^(8/3)(θ_c/2),0.0,18262,5
-20.0,-3.0,quiet,V*sin²(θ_c/2),0.0,18262,5
-20.0,-3.0,quiet,Newell_d_Φ,-0.0004637132639904534,18262,5
-20.0,-3.0,main,1,0.0,4957,7
-20.0,-3.0,main,V,-0.012022576957459005,4957,7
-20.0,-3.0,main,Bs,0.0,4957,7
-20.0,-3.0,main,n,0.0,4957,7
-20.0,-3.0,main,Pdyn,0.0,4957,7
-20.0,-3.0,main,Dst_star,0.0,4957,7
-20.0,-3.0,main,V^2,0.0,4957,7
-20.0,-3.0,main,Bs^2,0.0,4957,7
-20.0,-3.0,main,n^2,0.0,4957,7
-20.0,-3.0,main,V*Bs,0.0,4957,7
-20.0,-3.0,main,n*V,0.0,4957,7
-20.0,-3.0,main,n*Bs,0.0,4957,7
-20.0,-3.0,main,Pdyn*Bs,0.0,4957,7
-20.0,-3.0,main,n*V*Bs,0.0,4957,7
-20.0,-3.0,main,n*V^2,0.0,4957,7
-20.0,-3.0,main,sin(θ_c/2),8.953034444583603,4957,7
-20.0,-3.0,main,sin²(θ_c/2),-88.23961396780565,4957,7
-20.0,-3.0,main,sin⁴(θ_c/2),-40.29242919544101,4957,7
-20.0,-3.0,main,sin^(8/3)(θ_c/2),113.08088833403038,4957,7
-20.0,-3.0,main,V*sin²(θ_c/2),0.026862000778801232,4957,7
-20.0,-3.0,main,Newell_d_Φ,-0.0005280634540746219,4957,7
-20.0,-3.0,recovery,1,1.8757707533987054,37945,8
-20.0,-3.0,recovery,V,-0.007066752962070854,37945,8
-20.0,-3.0,recovery,Bs,-0.31556412058503913,37945,8
-20.0,-3.0,recovery,n,0.0,37945,8
-20.0,-3.0,recovery,Pdyn,0.0,37945,8
-20.0,-3.0,recovery,Dst_star,-0.05216454456986739,37945,8
-20.0,-3.0,recovery,V^2,4.188407377349507e-6,37945,8
-20.0,-3.0,recovery,Bs^2,0.0,37945,8
-20.0,-3.0,recovery,n^2,0.0,37945,8
-20.0,-3.0,recovery,V*Bs,0.0,37945,8
-20.0,-3.0,recovery,n*V,0.0,37945,8
-20.0,-3.0,recovery,n*Bs,0.0,37945,8
-20.0,-3.0,recovery,Pdyn*Bs,0.0,37945,8
-20.0,-3.0,recovery,n*V*Bs,0.0,37945,8
-20.0,-3.0,recovery,n*V^2,0.0,37945,8
-20.0,-3.0,recovery,sin(θ_c/2),2.1298925841718193,37945,8
-20.0,-3.0,recovery,sin²(θ_c/2),-7.730990796088798,37945,8
-20.0,-3.0,recovery,sin⁴(θ_c/2),0.0,37945,8
-20.0,-3.0,recovery,sin^(8/3)(θ_c/2),5.347200624155597,37945,8
-20.0,-3.0,recovery,V*sin²(θ_c/2),0.0,37945,8
-20.0,-3.0,recovery,Newell_d_Φ,0.0,37945,8
-20.0,-2.0,quiet,1,0.0,18262,5
-20.0,-2.0,quiet,V,0.0,18262,5
-20.0,-2.0,quiet,Bs,0.0,18262,5
-20.0,-2.0,quiet,n,-0.20359591337858668,18262,5
-20.0,-2.0,quiet,Pdyn,0.0,18262,5
-20.0,-2.0,quiet,Dst_star,0.0,18262,5
-20.0,-2.0,quiet,V^2,0.0,18262,5
-20.0,-2.0,quiet,Bs^2,0.0,18262,5
-20.0,-2.0,quiet,n^2,0.0,18262,5
-20.0,-2.0,quiet,V*Bs,0.0,18262,5
-20.0,-2.0,quiet,n*V,0.000944230466386464,18262,5
-20.0,-2.0,quiet,n*Bs,0.0,18262,5
-20.0,-2.0,quiet,Pdyn*Bs,0.0,18262,5
-20.0,-2.0,quiet,n*V*Bs,0.0,18262,5
-20.0,-2.0,quiet,n*V^2,-1.2347203686781278e-6,18262,5
-20.0,-2.0,quiet,sin(θ_c/2),0.0,18262,5
-20.0,-2.0,quiet,sin²(θ_c/2),2.589360936577234,18262,5
-20.0,-2.0,quiet,sin⁴(θ_c/2),0.0,18262,5
-20.0,-2.0,quiet,sin^(8/3)(θ_c/2),0.0,18262,5
-20.0,-2.0,quiet,V*sin²(θ_c/2),0.0,18262,5
-20.0,-2.0,quiet,Newell_d_Φ,-0.0004637132639904534,18262,5
-20.0,-2.0,main,1,-5.645288555711229,7450,11
-20.0,-2.0,main,V,0.0,7450,11
-20.0,-2.0,main,Bs,-0.4635453154599348,7450,11
-20.0,-2.0,main,n,0.0,7450,11
-20.0,-2.0,main,Pdyn,0.0,7450,11
-20.0,-2.0,main,Dst_star,0.0,7450,11
-20.0,-2.0,main,V^2,0.0,7450,11
-20.0,-2.0,main,Bs^2,-0.014036112866129881,7450,11
-20.0,-2.0,main,n^2,0.0,7450,11
-20.0,-2.0,main,V*Bs,0.0017621113842531777,7450,11
-20.0,-2.0,main,n*V,0.0,7450,11
-20.0,-2.0,main,n*Bs,0.017444133829574503,7450,11
-20.0,-2.0,main,Pdyn*Bs,0.0,7450,11
-20.0,-2.0,main,n*V*Bs,-7.860444810277771e-5,7450,11
-20.0,-2.0,main,n*V^2,0.0,7450,11
-20.0,-2.0,main,sin(θ_c/2),9.575634880625525,7450,11
-20.0,-2.0,main,sin²(θ_c/2),-48.45531165585537,7450,11
-20.0,-2.0,main,sin⁴(θ_c/2),-24.931806139497837,7450,11
-20.0,-2.0,main,sin^(8/3)(θ_c/2),69.30648528759032,7450,11
-20.0,-2.0,main,V*sin²(θ_c/2),0.0,7450,11
-20.0,-2.0,main,Newell_d_Φ,-0.00044951570690344647,7450,11
-20.0,-2.0,recovery,1,0.0,35622,1
-20.0,-2.0,recovery,V,0.0,35622,1
-20.0,-2.0,recovery,Bs,0.0,35622,1
-20.0,-2.0,recovery,n,0.0,35622,1
-20.0,-2.0,recovery,Pdyn,0.0,35622,1
-20.0,-2.0,recovery,Dst_star,-0.031332739553907134,35622,1
-20.0,-2.0,recovery,V^2,0.0,35622,1
-20.0,-2.0,recovery,Bs^2,0.0,35622,1
-20.0,-2.0,recovery,n^2,0.0,35622,1
-20.0,-2.0,recovery,V*Bs,0.0,35622,1
-20.0,-2.0,recovery,n*V,0.0,35622,1
-20.0,-2.0,recovery,n*Bs,0.0,35622,1
-20.0,-2.0,recovery,Pdyn*Bs,0.0,35622,1
-20.0,-2.0,recovery,n*V*Bs,0.0,35622,1
-20.0,-2.0,recovery,n*V^2,0.0,35622,1
-20.0,-2.0,recovery,sin(θ_c/2),0.0,35622,1
-20.0,-2.0,recovery,sin²(θ_c/2),0.0,35622,1
-20.0,-2.0,recovery,sin⁴(θ_c/2),0.0,35622,1
-20.0,-2.0,recovery,sin^(8/3)(θ_c/2),0.0,35622,1
-20.0,-2.0,recovery,V*sin²(θ_c/2),0.0,35622,1
-20.0,-2.0,recovery,Newell_d_Φ,0.0,35622,1
-20.0,-1.0,quiet,1,0.0,18262,5
-20.0,-1.0,quiet,V,0.0,18262,5
-20.0,-1.0,quiet,Bs,0.0,18262,5
-20.0,-1.0,quiet,n,-0.20359591337858668,18262,5
-20.0,-1.0,quiet,Pdyn,0.0,18262,5
-20.0,-1.0,quiet,Dst_star,0.0,18262,5
-20.0,-1.0,quiet,V^2,0.0,18262,5
-20.0,-1.0,quiet,Bs^2,0.0,18262,5
-20.0,-1.0,quiet,n^2,0.0,18262,5
-20.0,-1.0,quiet,V*Bs,0.0,18262,5
-20.0,-1.0,quiet,n*V,0.000944230466386464,18262,5
-20.0,-1.0,quiet,n*Bs,0.0,18262,5
-20.0,-1.0,quiet,Pdyn*Bs,0.0,18262,5
-20.0,-1.0,quiet,n*V*Bs,0.0,18262,5
-20.0,-1.0,quiet,n*V^2,-1.2347203686781278e-6,18262,5
-20.0,-1.0,quiet,sin(θ_c/2),0.0,18262,5
-20.0,-1.0,quiet,sin²(θ_c/2),2.589360936577234,18262,5
-20.0,-1.0,quiet,sin⁴(θ_c/2),0.0,18262,5
-20.0,-1.0,quiet,sin^(8/3)(θ_c/2),0.0,18262,5
-20.0,-1.0,quiet,V*sin²(θ_c/2),0.0,18262,5
-20.0,-1.0,quiet,Newell_d_Φ,-0.0004637132639904534,18262,5
-20.0,-1.0,main,1,-2.1210710940374695,11392,7
-20.0,-1.0,main,V,0.0,11392,7
-20.0,-1.0,main,Bs,-0.7334956097584335,11392,7
-20.0,-1.0,main,n,0.0,11392,7
-20.0,-1.0,main,Pdyn,0.0,11392,7
-20.0,-1.0,main,Dst_star,0.0,11392,7
-20.0,-1.0,main,V^2,0.0,11392,7
-20.0,-1.0,main,Bs^2,0.0,11392,7
-20.0,-1.0,main,n^2,0.0,11392,7
-20.0,-1.0,main,V*Bs,0.0,11392,7
-20.0,-1.0,main,n*V,0.0,11392,7
-20.0,-1.0,main,n*Bs,0.0,11392,7
-20.0,-1.0,main,Pdyn*Bs,0.0,11392,7
-20.0,-1.0,main,n*V*Bs,0.0,11392,7
-20.0,-1.0,main,n*V^2,-8.548292041707535e-7,11392,7
-20.0,-1.0,main,sin(θ_c/2),22.313614693403878,11392,7
-20.0,-1.0,main,sin²(θ_c/2),-118.78334673160698,11392,7
-20.0,-1.0,main,sin⁴(θ_c/2),-34.30741591415335,11392,7
-20.0,-1.0,main,sin^(8/3)(θ_c/2),134.67789035704664,11392,7
-20.0,-1.0,main,V*sin²(θ_c/2),0.0,11392,7
-20.0,-1.0,main,Newell_d_Φ,0.0,11392,7
-20.0,-1.0,recovery,1,1.2550887183570165,31775,4
-20.0,-1.0,recovery,V,-0.004940276280519589,31775,4
-20.0,-1.0,recovery,Bs,0.0,31775,4
-20.0,-1.0,recovery,n,0.0,31775,4
-20.0,-1.0,recovery,Pdyn,0.0,31775,4
-20.0,-1.0,recovery,Dst_star,-0.04287722285937704,31775,4
-20.0,-1.0,recovery,V^2,3.3784884816870233e-6,31775,4
-20.0,-1.0,recovery,Bs^2,0.0,31775,4
-20.0,-1.0,recovery,n^2,0.0,31775,4
-20.0,-1.0,recovery,V*Bs,0.0,31775,4
-20.0,-1.0,recovery,n*V,0.0,31775,4
-20.0,-1.0,recovery,n*Bs,0.0,31775,4
-20.0,-1.0,recovery,Pdyn*Bs,0.0,31775,4
-20.0,-1.0,recovery,n*V*Bs,0.0,31775,4
-20.0,-1.0,recovery,n*V^2,0.0,31775,4
-20.0,-1.0,recovery,sin(θ_c/2),0.0,31775,4
-20.0,-1.0,recovery,sin²(θ_c/2),0.0,31775,4
-20.0,-1.0,recovery,sin⁴(θ_c/2),0.0,31775,4
-20.0,-1.0,recovery,sin^(8/3)(θ_c/2),0.0,31775,4
-20.0,-1.0,recovery,V*sin²(θ_c/2),0.0,31775,4
-20.0,-1.0,recovery,Newell_d_Φ,0.0,31775,4
-20.0,0.0,quiet,1,0.0,18262,5
-20.0,0.0,quiet,V,0.0,18262,5
-20.0,0.0,quiet,Bs,0.0,18262,5
-20.0,0.0,quiet,n,-0.20359591337858668,18262,5
-20.0,0.0,quiet,Pdyn,0.0,18262,5
-20.0,0.0,quiet,Dst_star,0.0,18262,5
-20.0,0.0,quiet,V^2,0.0,18262,5
-20.0,0.0,quiet,Bs^2,0.0,18262,5
-20.0,0.0,quiet,n^2,0.0,18262,5
-20.0,0.0,quiet,V*Bs,0.0,18262,5
-20.0,0.0,quiet,n*V,0.000944230466386464,18262,5
-20.0,0.0,quiet,n*Bs,0.0,18262,5
-20.0,0.0,quiet,Pdyn*Bs,0.0,18262,5
-20.0,0.0,quiet,n*V*Bs,0.0,18262,5
-20.0,0.0,quiet,n*V^2,-1.2347203686781278e-6,18262,5
-20.0,0.0,quiet,sin(θ_c/2),0.0,18262,5
-20.0,0.0,quiet,sin²(θ_c/2),2.589360936577234,18262,5
-20.0,0.0,quiet,sin⁴(θ_c/2),0.0,18262,5
-20.0,0.0,quiet,sin^(8/3)(θ_c/2),0.0,18262,5
-20.0,0.0,quiet,V*sin²(θ_c/2),0.0,18262,5
-20.0,0.0,quiet,Newell_d_Φ,-0.0004637132639904534,18262,5
-20.0,0.0,main,1,0.0,17743,7
-20.0,0.0,main,V,0.0,17743,7
-20.0,0.0,main,Bs,-0.5901453019479773,17743,7
-20.0,0.0,main,n,0.0,17743,7
-20.0,0.0,main,Pdyn,0.0,17743,7
-20.0,0.0,main,Dst_star,0.0,17743,7
-20.0,0.0,main,V^2,0.0,17743,7
-20.0,0.0,main,Bs^2,0.0,17743,7
-20.0,0.0,main,n^2,0.0,17743,7
-20.0,0.0,main,V*Bs,0.0,17743,7
-20.0,0.0,main,n*V,0.0,17743,7
-20.0,0.0,main,n*Bs,0.0,17743,7
-20.0,0.0,main,Pdyn*Bs,0.0,17743,7
-20.0,0.0,main,n*V*Bs,0.0,17743,7
-20.0,0.0,main,n*V^2,-8.06445861024507e-7,17743,7
-20.0,0.0,main,sin(θ_c/2),5.010729093940829,17743,7
-20.0,0.0,main,sin²(θ_c/2),-43.22986460723261,17743,7
-20.0,0.0,main,sin⁴(θ_c/2),-16.42274624559334,17743,7
-20.0,0.0,main,sin^(8/3)(θ_c/2),57.092242507697065,17743,7
-20.0,0.0,main,V*sin²(θ_c/2),0.0,17743,7
-20.0,0.0,main,Newell_d_Φ,-0.00010138722099215498,17743,7
-20.0,0.0,recovery,1,0.0,25453,1
-20.0,0.0,recovery,V,0.0,25453,1
-20.0,0.0,recovery,Bs,0.0,25453,1
-20.0,0.0,recovery,n,0.0,25453,1
-20.0,0.0,recovery,Pdyn,0.0,25453,1
-20.0,0.0,recovery,Dst_star,-0.04417719164024289,25453,1
-20.0,0.0,recovery,V^2,0.0,25453,1
-20.0,0.0,recovery,Bs^2,0.0,25453,1
-20.0,0.0,recovery,n^2,0.0,25453,1
-20.0,0.0,recovery,V*Bs,0.0,25453,1
-20.0,0.0,recovery,n*V,0.0,25453,1
-20.0,0.0,recovery,n*Bs,0.0,25453,1
-20.0,0.0,recovery,Pdyn*Bs,0.0,25453,1
-20.0,0.0,recovery,n*V*Bs,0.0,25453,1
-20.0,0.0,recovery,n*V^2,0.0,25453,1
-20.0,0.0,recovery,sin(θ_c/2),0.0,25453,1
-20.0,0.0,recovery,sin²(θ_c/2),0.0,25453,1
-20.0,0.0,recovery,sin⁴(θ_c/2),0.0,25453,1
-20.0,0.0,recovery,sin^(8/3)(θ_c/2),0.0,25453,1
-20.0,0.0,recovery,V*sin²(θ_c/2),0.0,25453,1
-20.0,0.0,recovery,Newell_d_Φ,0.0,25453,1
-15.0,-4.0,quiet,1,0.0,12989,6
-15.0,-4.0,quiet,V,0.0,12989,6
-15.0,-4.0,quiet,Bs,0.0,12989,6
-15.0,-4.0,quiet,n,-0.29286827427579887,12989,6
-15.0,-4.0,quiet,Pdyn,0.0,12989,6
-15.0,-4.0,quiet,Dst_star,0.0,12989,6
-15.0,-4.0,quiet,V^2,0.0,12989,6
-15.0,-4.0,quiet,Bs^2,0.0,12989,6
-15.0,-4.0,quiet,n^2,0.0,12989,6
-15.0,-4.0,quiet,V*Bs,0.0,12989,6
-15.0,-4.0,quiet,n*V,0.0014553525765821159,12989,6
-15.0,-4.0,quiet,n*Bs,0.0,12989,6
-15.0,-4.0,quiet,Pdyn*Bs,0.0,12989,6
-15.0,-4.0,quiet,n*V*Bs,0.0,12989,6
-15.0,-4.0,quiet,n*V^2,-2.079497643525356e-6,12989,6
-15.0,-4.0,quiet,sin(θ_c/2),0.0,12989,6
-15.0,-4.0,quiet,sin²(θ_c/2),11.920293838505557,12989,6
-15.0,-4.0,quiet,sin⁴(θ_c/2),0.0,12989,6
-15.0,-4.0,quiet,sin^(8/3)(θ_c/2),-10.511275605386102,12989,6
-15.0,-4.0,quiet,V*sin²(θ_c/2),0.0,12989,6
-15.0,-4.0,quiet,Newell_d_Φ,-0.0004268871892442158,12989,6
-15.0,-4.0,main,1,-4.50185110325903,3747,8
-15.0,-4.0,main,V,0.0,3747,8
-15.0,-4.0,main,Bs,0.0,3747,8
-15.0,-4.0,main,n,0.21895412806124248,3747,8
-15.0,-4.0,main,Pdyn,0.0,3747,8
-15.0,-4.0,main,Dst_star,0.0,3747,8
-15.0,-4.0,main,V^2,0.0,3747,8
-15.0,-4.0,main,Bs^2,0.0,3747,8
-15.0,-4.0,main,n^2,0.0,3747,8
-15.0,-4.0,main,V*Bs,0.0,3747,8
-15.0,-4.0,main,n*V,-0.0007581496413310592,3747,8
-15.0,-4.0,main,n*Bs,0.0,3747,8
-15.0,-4.0,main,Pdyn*Bs,0.0,3747,8
-15.0,-4.0,main,n*V*Bs,0.0,3747,8
-15.0,-4.0,main,n*V^2,0.0,3747,8
-15.0,-4.0,main,sin(θ_c/2),0.0,3747,8
-15.0,-4.0,main,sin²(θ_c/2),-41.66605935748527,3747,8
-15.0,-4.0,main,sin⁴(θ_c/2),-28.02687913843513,3747,8
-15.0,-4.0,main,sin^(8/3)(θ_c/2),66.56553964752021,3747,8
-15.0,-4.0,main,V*sin²(θ_c/2),0.016787743149713066,3747,8
-15.0,-4.0,main,Newell_d_Φ,-0.00047846459883347885,3747,8
-15.0,-4.0,recovery,1,1.9727147071647997,44294,9
-15.0,-4.0,recovery,V,-0.007491262912920963,44294,9
-15.0,-4.0,recovery,Bs,-0.37331682752257633,44294,9
-15.0,-4.0,recovery,n,0.0,44294,9
-15.0,-4.0,recovery,Pdyn,0.0,44294,9
-15.0,-4.0,recovery,Dst_star,-0.05164218605724594,44294,9
-15.0,-4.0,recovery,V^2,4.472490443400555e-6,44294,9
-15.0,-4.0,recovery,Bs^2,0.0,44294,9
-15.0,-4.0,recovery,n^2,0.0,44294,9
-15.0,-4.0,recovery,V*Bs,0.0,44294,9
-15.0,-4.0,recovery,n*V,0.0,44294,9
-15.0,-4.0,recovery,n*Bs,0.0,44294,9
-15.0,-4.0,recovery,Pdyn*Bs,0.0,44294,9
-15.0,-4.0,recovery,n*V*Bs,0.0,44294,9
-15.0,-4.0,recovery,n*V^2,0.0,44294,9
-15.0,-4.0,recovery,sin(θ_c/2),3.4195239022729624,44294,9
-15.0,-4.0,recovery,sin²(θ_c/2),-14.912489471810314,44294,9
-15.0,-4.0,recovery,sin⁴(θ_c/2),-2.3509164627927377,44294,9
-15.0,-4.0,recovery,sin^(8/3)(θ_c/2),13.68061799726628,44294,9
-15.0,-4.0,recovery,V*sin²(θ_c/2),0.0,44294,9
-15.0,-4.0,recovery,Newell_d_Φ,0.0,44294,9
-15.0,-3.0,quiet,1,0.0,12989,6
-15.0,-3.0,quiet,V,0.0,12989,6
-15.0,-3.0,quiet,Bs,0.0,12989,6
-15.0,-3.0,quiet,n,-0.29286827427579887,12989,6
-15.0,-3.0,quiet,Pdyn,0.0,12989,6
-15.0,-3.0,quiet,Dst_star,0.0,12989,6
-15.0,-3.0,quiet,V^2,0.0,12989,6
-15.0,-3.0,quiet,Bs^2,0.0,12989,6
-15.0,-3.0,quiet,n^2,0.0,12989,6
-15.0,-3.0,quiet,V*Bs,0.0,12989,6
-15.0,-3.0,quiet,n*V,0.0014553525765821159,12989,6
-15.0,-3.0,quiet,n*Bs,0.0,12989,6
-15.0,-3.0,quiet,Pdyn*Bs,0.0,12989,6
-15.0,-3.0,quiet,n*V*Bs,0.0,12989,6
-15.0,-3.0,quiet,n*V^2,-2.079497643525356e-6,12989,6
-15.0,-3.0,quiet,sin(θ_c/2),0.0,12989,6
-15.0,-3.0,quiet,sin²(θ_c/2),11.920293838505557,12989,6
-15.0,-3.0,quiet,sin⁴(θ_c/2),0.0,12989,6
-15.0,-3.0,quiet,sin^(8/3)(θ_c/2),-10.511275605386102,12989,6
-15.0,-3.0,quiet,V*sin²(θ_c/2),0.0,12989,6
-15.0,-3.0,quiet,Newell_d_Φ,-0.0004268871892442158,12989,6
-15.0,-3.0,main,1,-7.23695622261282,5448,7
-15.0,-3.0,main,V,0.0,5448,7
-15.0,-3.0,main,Bs,0.0,5448,7
-15.0,-3.0,main,n,0.0,5448,7
-15.0,-3.0,main,Pdyn,0.0,5448,7
-15.0,-3.0,main,Dst_star,0.0,5448,7
-15.0,-3.0,main,V^2,0.0,5448,7
-15.0,-3.0,main,Bs^2,-0.014169399380582362,5448,7
-15.0,-3.0,main,n^2,0.0,5448,7
-15.0,-3.0,main,V*Bs,0.0,5448,7
-15.0,-3.0,main,n*V,0.0,5448,7
-15.0,-3.0,main,n*Bs,0.0,5448,7
-15.0,-3.0,main,Pdyn*Bs,0.0,5448,7
-15.0,-3.0,main,n*V*Bs,0.0,5448,7
-15.0,-3.0,main,n*V^2,0.0,5448,7
-15.0,-3.0,main,sin(θ_c/2),15.350013315385004,5448,7
-15.0,-3.0,main,sin²(θ_c/2),-84.61245533571427,5448,7
-15.0,-3.0,main,sin⁴(θ_c/2),-32.813588820193864,5448,7
-15.0,-3.0,main,sin^(8/3)(θ_c/2),107.23124064364765,5448,7
-15.0,-3.0,main,V*sin²(θ_c/2),0.0,5448,7
-15.0,-3.0,main,Newell_d_Φ,-0.0002645186367306531,5448,7
-15.0,-3.0,recovery,1,1.9490730435555295,42752,8
-15.0,-3.0,recovery,V,-0.006994321295538083,42752,8
-15.0,-3.0,recovery,Bs,-0.3110452215380603,42752,8
-15.0,-3.0,recovery,n,0.0,42752,8
-15.0,-3.0,recovery,Pdyn,0.0,42752,8
-15.0,-3.0,recovery,Dst_star,-0.05075435420440276,42752,8
-15.0,-3.0,recovery,V^2,4.177487234218015e-6,42752,8
-15.0,-3.0,recovery,Bs^2,0.0,42752,8
-15.0,-3.0,recovery,n^2,0.0,42752,8
-15.0,-3.0,recovery,V*Bs,0.0,42752,8
-15.0,-3.0,recovery,n*V,0.0,42752,8
-15.0,-3.0,recovery,n*Bs,0.0,42752,8
-15.0,-3.0,recovery,Pdyn*Bs,0.0,42752,8
-15.0,-3.0,recovery,n*V*Bs,0.0,42752,8
-15.0,-3.0,recovery,n*V^2,0.0,42752,8
-15.0,-3.0,recovery,sin(θ_c/2),2.0317076550078372,42752,8
-15.0,-3.0,recovery,sin²(θ_c/2),-7.540537138949258,42752,8
-15.0,-3.0,recovery,sin⁴(θ_c/2),0.0,42752,8
-15.0,-3.0,recovery,sin^(8/3)(θ_c/2),5.225497704972742,42752,8
-15.0,-3.0,recovery,V*sin²(θ_c/2),0.0,42752,8
-15.0,-3.0,recovery,Newell_d_Φ,0.0,42752,8
-15.0,-2.0,quiet,1,0.0,12989,6
-15.0,-2.0,quiet,V,0.0,12989,6
-15.0,-2.0,quiet,Bs,0.0,12989,6
-15.0,-2.0,quiet,n,-0.29286827427579887,12989,6
-15.0,-2.0,quiet,Pdyn,0.0,12989,6
-15.0,-2.0,quiet,Dst_star,0.0,12989,6
-15.0,-2.0,quiet,V^2,0.0,12989,6
-15.0,-2.0,quiet,Bs^2,0.0,12989,6
-15.0,-2.0,quiet,n^2,0.0,12989,6
-15.0,-2.0,quiet,V*Bs,0.0,12989,6
-15.0,-2.0,quiet,n*V,0.0014553525765821159,12989,6
-15.0,-2.0,quiet,n*Bs,0.0,12989,6
-15.0,-2.0,quiet,Pdyn*Bs,0.0,12989,6
-15.0,-2.0,quiet,n*V*Bs,0.0,12989,6
-15.0,-2.0,quiet,n*V^2,-2.079497643525356e-6,12989,6
-15.0,-2.0,quiet,sin(θ_c/2),0.0,12989,6
-15.0,-2.0,quiet,sin²(θ_c/2),11.920293838505557,12989,6
-15.0,-2.0,quiet,sin⁴(θ_c/2),0.0,12989,6
-15.0,-2.0,quiet,sin^(8/3)(θ_c/2),-10.511275605386102,12989,6
-15.0,-2.0,quiet,V*sin²(θ_c/2),0.0,12989,6
-15.0,-2.0,quiet,Newell_d_Φ,-0.0004268871892442158,12989,6
-15.0,-2.0,main,1,-5.445209458324779,8153,10
-15.0,-2.0,main,V,0.0,8153,10
-15.0,-2.0,main,Bs,-0.24745010004659324,8153,10
-15.0,-2.0,main,n,0.0,8153,10
-15.0,-2.0,main,Pdyn,0.0,8153,10
-15.0,-2.0,main,Dst_star,0.0,8153,10
-15.0,-2.0,main,V^2,0.0,8153,10
-15.0,-2.0,main,Bs^2,-0.013762788403990303,8153,10
-15.0,-2.0,main,n^2,0.0,8153,10
-15.0,-2.0,main,V*Bs,0.0012848619031798395,8153,10
-15.0,-2.0,main,n*V,0.0,8153,10
-15.0,-2.0,main,n*Bs,0.0,8153,10
-15.0,-2.0,main,Pdyn*Bs,0.0,8153,10
-15.0,-2.0,main,n*V*Bs,-4.555759278831213e-5,8153,10
-15.0,-2.0,main,n*V^2,0.0,8153,10
-15.0,-2.0,main,sin(θ_c/2),7.656355845154257,8153,10
-15.0,-2.0,main,sin²(θ_c/2),-40.39044328069072,8153,10
-15.0,-2.0,main,sin⁴(θ_c/2),-22.005826791538873,8153,10
-15.0,-2.0,main,sin^(8/3)(θ_c/2),59.89462330089359,8153,10
-15.0,-2.0,main,V*sin²(θ_c/2),0.0,8153,10
-15.0,-2.0,main,Newell_d_Φ,-0.0004243923207980017,8153,10
-15.0,-2.0,recovery,1,1.7219414066033432,40195,5
-15.0,-2.0,recovery,V,-0.004653188447730738,40195,5
-15.0,-2.0,recovery,Bs,0.0,40195,5
-15.0,-2.0,recovery,n,0.0,40195,5
-15.0,-2.0,recovery,Pdyn,0.0,40195,5
-15.0,-2.0,recovery,Dst_star,-0.04334075038560836,40195,5
-15.0,-2.0,recovery,V^2,2.8607368856681433e-6,40195,5
-15.0,-2.0,recovery,Bs^2,0.0,40195,5
-15.0,-2.0,recovery,n^2,0.0,40195,5
-15.0,-2.0,recovery,V*Bs,0.0,40195,5
-15.0,-2.0,recovery,n*V,0.0,40195,5
-15.0,-2.0,recovery,n*Bs,0.0,40195,5
-15.0,-2.0,recovery,Pdyn*Bs,0.0,40195,5
-15.0,-2.0,recovery,n*V*Bs,0.0,40195,5
-15.0,-2.0,recovery,n*V^2,0.0,40195,5
-15.0,-2.0,recovery,sin(θ_c/2),0.0,40195,5
-15.0,-2.0,recovery,sin²(θ_c/2),0.0,40195,5
-15.0,-2.0,recovery,sin⁴(θ_c/2),0.0,40195,5
-15.0,-2.0,recovery,sin^(8/3)(θ_c/2),-1.6000374250300868,40195,5
-15.0,-2.0,recovery,V*sin²(θ_c/2),0.0,40195,5
-15.0,-2.0,recovery,Newell_d_Φ,0.0,40195,5
-15.0,-1.0,quiet,1,0.0,12989,6
-15.0,-1.0,quiet,V,0.0,12989,6
-15.0,-1.0,quiet,Bs,0.0,12989,6
-15.0,-1.0,quiet,n,-0.29286827427579887,12989,6
-15.0,-1.0,quiet,Pdyn,0.0,12989,6
-15.0,-1.0,quiet,Dst_star,0.0,12989,6
-15.0,-1.0,quiet,V^2,0.0,12989,6
-15.0,-1.0,quiet,Bs^2,0.0,12989,6
-15.0,-1.0,quiet,n^2,0.0,12989,6
-15.0,-1.0,quiet,V*Bs,0.0,12989,6
-15.0,-1.0,quiet,n*V,0.0014553525765821159,12989,6
-15.0,-1.0,quiet,n*Bs,0.0,12989,6
-15.0,-1.0,quiet,Pdyn*Bs,0.0,12989,6
-15.0,-1.0,quiet,n*V*Bs,0.0,12989,6
-15.0,-1.0,quiet,n*V^2,-2.079497643525356e-6,12989,6
-15.0,-1.0,quiet,sin(θ_c/2),0.0,12989,6
-15.0,-1.0,quiet,sin²(θ_c/2),11.920293838505557,12989,6
-15.0,-1.0,quiet,sin⁴(θ_c/2),0.0,12989,6
-15.0,-1.0,quiet,sin^(8/3)(θ_c/2),-10.511275605386102,12989,6
-15.0,-1.0,quiet,V*sin²(θ_c/2),0.0,12989,6
-15.0,-1.0,quiet,Newell_d_Φ,-0.0004268871892442158,12989,6
-15.0,-1.0,main,1,-3.45176394811529,12584,11
-15.0,-1.0,main,V,0.0,12584,11
-15.0,-1.0,main,Bs,-0.48774122480154514,12584,11
-15.0,-1.0,main,n,0.0,12584,11
-15.0,-1.0,main,Pdyn,0.0,12584,11
-15.0,-1.0,main,Dst_star,0.0,12584,11
-15.0,-1.0,main,V^2,0.0,12584,11
-15.0,-1.0,main,Bs^2,-0.012542816396361428,12584,11
-15.0,-1.0,main,n^2,0.0,12584,11
-15.0,-1.0,main,V*Bs,0.0016256050638042887,12584,11
-15.0,-1.0,main,n*V,0.0,12584,11
-15.0,-1.0,main,n*Bs,0.017655784976190497,12584,11
-15.0,-1.0,main,Pdyn*Bs,0.0,12584,11
-15.0,-1.0,main,n*V*Bs,-8.288969726786503e-5,12584,11
-15.0,-1.0,main,n*V^2,0.0,12584,11
-15.0,-1.0,main,sin(θ_c/2),4.538881489658727,12584,11
-15.0,-1.0,main,sin²(θ_c/2),-30.687146900121153,12584,11
-15.0,-1.0,main,sin⁴(θ_c/2),-18.946370880032003,12584,11
-15.0,-1.0,main,sin^(8/3)(θ_c/2),49.04691164041357,12584,11
-15.0,-1.0,main,V*sin²(θ_c/2),0.0,12584,11
-15.0,-1.0,main,Newell_d_Φ,-0.0004082211225923432,12584,11
-15.0,-1.0,recovery,1,1.3431954810730284,35834,4
-15.0,-1.0,recovery,V,-0.00498136186877091,35834,4
-15.0,-1.0,recovery,Bs,0.0,35834,4
-15.0,-1.0,recovery,n,0.0,35834,4
-15.0,-1.0,recovery,Pdyn,0.0,35834,4
-15.0,-1.0,recovery,Dst_star,-0.04170221262380695,35834,4
-15.0,-1.0,recovery,V^2,3.4344604529519363e-6,35834,4
-15.0,-1.0,recovery,Bs^2,0.0,35834,4
-15.0,-1.0,recovery,n^2,0.0,35834,4
-15.0,-1.0,recovery,V*Bs,0.0,35834,4
-15.0,-1.0,recovery,n*V,0.0,35834,4
-15.0,-1.0,recovery,n*Bs,0.0,35834,4
-15.0,-1.0,recovery,Pdyn*Bs,0.0,35834,4
-15.0,-1.0,recovery,n*V*Bs,0.0,35834,4
-15.0,-1.0,recovery,n*V^2,0.0,35834,4
-15.0,-1.0,recovery,sin(θ_c/2),0.0,35834,4
-15.0,-1.0,recovery,sin²(θ_c/2),0.0,35834,4
-15.0,-1.0,recovery,sin⁴(θ_c/2),0.0,35834,4
-15.0,-1.0,recovery,sin^(8/3)(θ_c/2),0.0,35834,4
-15.0,-1.0,recovery,V*sin²(θ_c/2),0.0,35834,4
-15.0,-1.0,recovery,Newell_d_Φ,0.0,35834,4
-15.0,0.0,quiet,1,0.0,12989,6
-15.0,0.0,quiet,V,0.0,12989,6
-15.0,0.0,quiet,Bs,0.0,12989,6
-15.0,0.0,quiet,n,-0.29286827427579887,12989,6
-15.0,0.0,quiet,Pdyn,0.0,12989,6
-15.0,0.0,quiet,Dst_star,0.0,12989,6
-15.0,0.0,quiet,V^2,0.0,12989,6
-15.0,0.0,quiet,Bs^2,0.0,12989,6
-15.0,0.0,quiet,n^2,0.0,12989,6
-15.0,0.0,quiet,V*Bs,0.0,12989,6
-15.0,0.0,quiet,n*V,0.0014553525765821159,12989,6
-15.0,0.0,quiet,n*Bs,0.0,12989,6
-15.0,0.0,quiet,Pdyn*Bs,0.0,12989,6
-15.0,0.0,quiet,n*V*Bs,0.0,12989,6
-15.0,0.0,quiet,n*V^2,-2.079497643525356e-6,12989,6
-15.0,0.0,quiet,sin(θ_c/2),0.0,12989,6
-15.0,0.0,quiet,sin²(θ_c/2),11.920293838505557,12989,6
-15.0,0.0,quiet,sin⁴(θ_c/2),0.0,12989,6
-15.0,0.0,quiet,sin^(8/3)(θ_c/2),-10.511275605386102,12989,6
-15.0,0.0,quiet,V*sin²(θ_c/2),0.0,12989,6
-15.0,0.0,quiet,Newell_d_Φ,-0.0004268871892442158,12989,6
-15.0,0.0,main,1,0.0,19981,9
-15.0,0.0,main,V,0.0,19981,9
-15.0,0.0,main,Bs,0.0,19981,9
-15.0,0.0,main,n,0.0,19981,9
-15.0,0.0,main,Pdyn,0.0,19981,9
-15.0,0.0,main,Dst_star,0.0,19981,9
-15.0,0.0,main,V^2,0.0,19981,9
-15.0,0.0,main,Bs^2,-0.01441377965081281,19981,9
-15.0,0.0,main,n^2,0.0,19981,9
-15.0,0.0,main,V*Bs,0.0010184498683499517,19981,9
-15.0,0.0,main,n*V,0.0,19981,9
-15.0,0.0,main,n*Bs,0.0,19981,9
-15.0,0.0,main,Pdyn*Bs,0.0,19981,9
-15.0,0.0,main,n*V*Bs,-5.2508618189822174e-5,19981,9
-15.0,0.0,main,n*V^2,0.0,19981,9
-15.0,0.0,main,sin(θ_c/2),-17.12537996479276,19981,9
-15.0,0.0,main,sin²(θ_c/2),53.104649046674126,19981,9
-15.0,0.0,main,sin⁴(θ_c/2),2.7506045856979084,19981,9
-15.0,0.0,main,sin^(8/3)(θ_c/2),-40.64137149286158,19981,9
-15.0,0.0,main,V*sin²(θ_c/2),0.0059196698238172755,19981,9
-15.0,0.0,main,Newell_d_Φ,-0.000476768872525386,19981,9
-15.0,0.0,recovery,1,0.0,28455,1
-15.0,0.0,recovery,V,0.0,28455,1
-15.0,0.0,recovery,Bs,0.0,28455,1
-15.0,0.0,recovery,n,0.0,28455,1
-15.0,0.0,recovery,Pdyn,0.0,28455,1
-15.0,0.0,recovery,Dst_star,-0.044505289515681265,28455,1
-15.0,0.0,recovery,V^2,0.0,28455,1
-15.0,0.0,recovery,Bs^2,0.0,28455,1
-15.0,0.0,recovery,n^2,0.0,28455,1
-15.0,0.0,recovery,V*Bs,0.0,28455,1
-15.0,0.0,recovery,n*V,0.0,28455,1
-15.0,0.0,recovery,n*Bs,0.0,28455,1
-15.0,0.0,recovery,Pdyn*Bs,0.0,28455,1
-15.0,0.0,recovery,n*V*Bs,0.0,28455,1
-15.0,0.0,recovery,n*V^2,0.0,28455,1
-15.0,0.0,recovery,sin(θ_c/2),0.0,28455,1
-15.0,0.0,recovery,sin²(θ_c/2),0.0,28455,1
-15.0,0.0,recovery,sin⁴(θ_c/2),0.0,28455,1
-15.0,0.0,recovery,sin^(8/3)(θ_c/2),0.0,28455,1
-15.0,0.0,recovery,V*sin²(θ_c/2),0.0,28455,1
-15.0,0.0,recovery,Newell_d_Φ,0.0,28455,1
-10.0,-4.0,quiet,1,0.0,8823,7
-10.0,-4.0,quiet,V,0.0,8823,7
-10.0,-4.0,quiet,Bs,0.0,8823,7
-10.0,-4.0,quiet,n,-0.49603985465769973,8823,7
-10.0,-4.0,quiet,Pdyn,0.0,8823,7
-10.0,-4.0,quiet,Dst_star,0.0,8823,7
-10.0,-4.0,quiet,V^2,0.0,8823,7
-10.0,-4.0,quiet,Bs^2,0.0,8823,7
-10.0,-4.0,quiet,n^2,0.0,8823,7
-10.0,-4.0,quiet,V*Bs,0.0,8823,7
-10.0,-4.0,quiet,n*V,0.002561864852042861,8823,7
-10.0,-4.0,quiet,n*Bs,0.0,8823,7
-10.0,-4.0,quiet,Pdyn*Bs,0.0,8823,7
-10.0,-4.0,quiet,n*V*Bs,0.0,8823,7
-10.0,-4.0,quiet,n*V^2,-3.5745337921633283e-6,8823,7
-10.0,-4.0,quiet,sin(θ_c/2),0.0,8823,7
-10.0,-4.0,quiet,sin²(θ_c/2),23.303752937649822,8823,7
-10.0,-4.0,quiet,sin⁴(θ_c/2),9.86121590149755,8823,7
-10.0,-4.0,quiet,sin^(8/3)(θ_c/2),-31.67883990809911,8823,7
-10.0,-4.0,quiet,V*sin²(θ_c/2),0.0,8823,7
-10.0,-4.0,quiet,Newell_d_Φ,-0.00040684748853668225,8823,7
-10.0,-4.0,main,1,-4.315719804615597,4097,8
-10.0,-4.0,main,V,0.0,4097,8
-10.0,-4.0,main,Bs,0.0,4097,8
-10.0,-4.0,main,n,0.2165898446635648,4097,8
-10.0,-4.0,main,Pdyn,0.0,4097,8
-10.0,-4.0,main,Dst_star,0.0,4097,8
-10.0,-4.0,main,V^2,0.0,4097,8
-10.0,-4.0,main,Bs^2,0.0,4097,8
-10.0,-4.0,main,n^2,0.0,4097,8
-10.0,-4.0,main,V*Bs,0.0,4097,8
-10.0,-4.0,main,n*V,-0.0007581750607537133,4097,8
-10.0,-4.0,main,n*Bs,0.0,4097,8
-10.0,-4.0,main,Pdyn*Bs,0.0,4097,8
-10.0,-4.0,main,n*V*Bs,0.0,4097,8
-10.0,-4.0,main,n*V^2,0.0,4097,8
-10.0,-4.0,main,sin(θ_c/2),0.0,4097,8
-10.0,-4.0,main,sin²(θ_c/2),-45.89412583724205,4097,8
-10.0,-4.0,main,sin⁴(θ_c/2),-30.187524079995946,4097,8
-10.0,-4.0,main,sin^(8/3)(θ_c/2),72.74098532114014,4097,8
-10.0,-4.0,main,V*sin²(θ_c/2),0.01682375688124777,4097,8
-10.0,-4.0,main,Newell_d_Φ,-0.0004795324631304182,4097,8
-10.0,-4.0,recovery,1,2.053322689960536,48125,9
-10.0,-4.0,recovery,V,-0.007504741752352046,48125,9
-10.0,-4.0,recovery,Bs,-0.370065719257175,48125,9
-10.0,-4.0,recovery,n,0.0,48125,9
-10.0,-4.0,recovery,Pdyn,0.0,48125,9
-10.0,-4.0,recovery,Dst_star,-0.050527454486286386,48125,9
-10.0,-4.0,recovery,V^2,4.494560540534482e-6,48125,9
-10.0,-4.0,recovery,Bs^2,0.0,48125,9
-10.0,-4.0,recovery,n^2,0.0,48125,9
-10.0,-4.0,recovery,V*Bs,0.0,48125,9
-10.0,-4.0,recovery,n*V,0.0,48125,9
-10.0,-4.0,recovery,n*Bs,0.0,48125,9
-10.0,-4.0,recovery,Pdyn*Bs,0.0,48125,9
-10.0,-4.0,recovery,n*V*Bs,0.0,48125,9
-10.0,-4.0,recovery,n*V^2,0.0,48125,9
-10.0,-4.0,recovery,sin(θ_c/2),3.098284408178277,48125,9
-10.0,-4.0,recovery,sin²(θ_c/2),-13.293123365088835,48125,9
-10.0,-4.0,recovery,sin⁴(θ_c/2),-1.816644701975217,48125,9
-10.0,-4.0,recovery,sin^(8/3)(θ_c/2),11.83535352583461,48125,9
-10.0,-4.0,recovery,V*sin²(θ_c/2),0.0,48125,9
-10.0,-4.0,recovery,Newell_d_Φ,0.0,48125,9
-10.0,-3.0,quiet,1,0.0,8823,7
-10.0,-3.0,quiet,V,0.0,8823,7
-10.0,-3.0,quiet,Bs,0.0,8823,7
-10.0,-3.0,quiet,n,-0.49603985465769973,8823,7
-10.0,-3.0,quiet,Pdyn,0.0,8823,7
-10.0,-3.0,quiet,Dst_star,0.0,8823,7
-10.0,-3.0,quiet,V^2,0.0,8823,7
-10.0,-3.0,quiet,Bs^2,0.0,8823,7
-10.0,-3.0,quiet,n^2,0.0,8823,7
-10.0,-3.0,quiet,V*Bs,0.0,8823,7
-10.0,-3.0,quiet,n*V,0.002561864852042861,8823,7
-10.0,-3.0,quiet,n*Bs,0.0,8823,7
-10.0,-3.0,quiet,Pdyn*Bs,0.0,8823,7
-10.0,-3.0,quiet,n*V*Bs,0.0,8823,7
-10.0,-3.0,quiet,n*V^2,-3.5745337921633283e-6,8823,7
-10.0,-3.0,quiet,sin(θ_c/2),0.0,8823,7
-10.0,-3.0,quiet,sin²(θ_c/2),23.303752937649822,8823,7
-10.0,-3.0,quiet,sin⁴(θ_c/2),9.86121590149755,8823,7
-10.0,-3.0,quiet,sin^(8/3)(θ_c/2),-31.67883990809911,8823,7
-10.0,-3.0,quiet,V*sin²(θ_c/2),0.0,8823,7
-10.0,-3.0,quiet,Newell_d_Φ,-0.00040684748853668225,8823,7
-10.0,-3.0,main,1,0.0,5924,7
-10.0,-3.0,main,V,-0.011071042513965772,5924,7
-10.0,-3.0,main,Bs,0.0,5924,7
-10.0,-3.0,main,n,0.0,5924,7
-10.0,-3.0,main,Pdyn,0.0,5924,7
-10.0,-3.0,main,Dst_star,0.0,5924,7
-10.0,-3.0,main,V^2,0.0,5924,7
-10.0,-3.0,main,Bs^2,0.0,5924,7
-10.0,-3.0,main,n^2,0.0,5924,7
-10.0,-3.0,main,V*Bs,0.0,5924,7
-10.0,-3.0,main,n*V,0.0,5924,7
-10.0,-3.0,main,n*Bs,0.0,5924,7
-10.0,-3.0,main,Pdyn*Bs,0.0,5924,7
-10.0,-3.0,main,n*V*Bs,0.0,5924,7
-10.0,-3.0,main,n*V^2,0.0,5924,7
-10.0,-3.0,main,sin(θ_c/2),5.445137513667385,5924,7
-10.0,-3.0,main,sin²(θ_c/2),-77.21360456200198,5924,7
-10.0,-3.0,main,sin⁴(θ_c/2),-38.23569315579858,5924,7
-10.0,-3.0,main,sin^(8/3)(θ_c/2),103.44988222071284,5924,7
-10.0,-3.0,main,V*sin²(θ_c/2),0.025884655673351405,5924,7
-10.0,-3.0,main,Newell_d_Φ,-0.0005286080001935227,5924,7
-10.0,-3.0,recovery,1,2.0027621830334827,46459,8
-10.0,-3.0,recovery,V,-0.006973441706845828,46459,8
-10.0,-3.0,recovery,Bs,-0.30704626468575985,46459,8
-10.0,-3.0,recovery,n,0.0,46459,8
-10.0,-3.0,recovery,Pdyn,0.0,46459,8
-10.0,-3.0,recovery,Dst_star,-0.049626063142272,46459,8
-10.0,-3.0,recovery,V^2,4.16922773425927e-6,46459,8
-10.0,-3.0,recovery,Bs^2,0.0,46459,8
-10.0,-3.0,recovery,n^2,0.0,46459,8
-10.0,-3.0,recovery,V*Bs,0.0,46459,8
-10.0,-3.0,recovery,n*V,0.0,46459,8
-10.0,-3.0,recovery,n*Bs,0.0,46459,8
-10.0,-3.0,recovery,Pdyn*Bs,0.0,46459,8
-10.0,-3.0,recovery,n*V*Bs,0.0,46459,8
-10.0,-3.0,recovery,n*V^2,0.0,46459,8
-10.0,-3.0,recovery,sin(θ_c/2),2.0168926705595767,46459,8
-10.0,-3.0,recovery,sin²(θ_c/2),-7.483281074895241,46459,8
-10.0,-3.0,recovery,sin⁴(θ_c/2),0.0,46459,8
-10.0,-3.0,recovery,sin^(8/3)(θ_c/2),5.1828892510914875,46459,8
-10.0,-3.0,recovery,V*sin²(θ_c/2),0.0,46459,8
-10.0,-3.0,recovery,Newell_d_Φ,0.0,46459,8
-10.0,-2.0,quiet,1,0.0,8823,7
-10.0,-2.0,quiet,V,0.0,8823,7
-10.0,-2.0,quiet,Bs,0.0,8823,7
-10.0,-2.0,quiet,n,-0.49603985465769973,8823,7
-10.0,-2.0,quiet,Pdyn,0.0,8823,7
-10.0,-2.0,quiet,Dst_star,0.0,8823,7
-10.0,-2.0,quiet,V^2,0.0,8823,7
-10.0,-2.0,quiet,Bs^2,0.0,8823,7
-10.0,-2.0,quiet,n^2,0.0,8823,7
-10.0,-2.0,quiet,V*Bs,0.0,8823,7
-10.0,-2.0,quiet,n*V,0.002561864852042861,8823,7
-10.0,-2.0,quiet,n*Bs,0.0,8823,7
-10.0,-2.0,quiet,Pdyn*Bs,0.0,8823,7
-10.0,-2.0,quiet,n*V*Bs,0.0,8823,7
-10.0,-2.0,quiet,n*V^2,-3.5745337921633283e-6,8823,7
-10.0,-2.0,quiet,sin(θ_c/2),0.0,8823,7
-10.0,-2.0,quiet,sin²(θ_c/2),23.303752937649822,8823,7
-10.0,-2.0,quiet,sin⁴(θ_c/2),9.86121590149755,8823,7
-10.0,-2.0,quiet,sin^(8/3)(θ_c/2),-31.67883990809911,8823,7
-10.0,-2.0,quiet,V*sin²(θ_c/2),0.0,8823,7
-10.0,-2.0,quiet,Newell_d_Φ,-0.00040684748853668225,8823,7
-10.0,-2.0,main,1,-5.34996125693313,8792,11
-10.0,-2.0,main,V,0.0,8792,11
-10.0,-2.0,main,Bs,-0.44203706300658513,8792,11
-10.0,-2.0,main,n,0.0,8792,11
-10.0,-2.0,main,Pdyn,0.0,8792,11
-10.0,-2.0,main,Dst_star,0.0,8792,11
-10.0,-2.0,main,V^2,0.0,8792,11
-10.0,-2.0,main,Bs^2,-0.013583015506054983,8792,11
-10.0,-2.0,main,n^2,0.0,8792,11
-10.0,-2.0,main,V*Bs,0.0016258108554833169,8792,11
-10.0,-2.0,main,n*V,0.0,8792,11
-10.0,-2.0,main,n*Bs,0.016558345349555702,8792,11
-10.0,-2.0,main,Pdyn*Bs,0.0,8792,11
-10.0,-2.0,main,n*V*Bs,-7.683284627075243e-5,8792,11
-10.0,-2.0,main,n*V^2,0.0,8792,11
-10.0,-2.0,main,sin(θ_c/2),9.035323183027545,8792,11
-10.0,-2.0,main,sin²(θ_c/2),-49.737383067277605,8792,11
-10.0,-2.0,main,sin⁴(θ_c/2),-25.000818404937785,8792,11
-10.0,-2.0,main,sin^(8/3)(θ_c/2),70.70809567852686,8792,11
-10.0,-2.0,main,V*sin²(θ_c/2),0.0,8792,11
-10.0,-2.0,main,Newell_d_Φ,-0.0004210664381887582,8792,11
-10.0,-2.0,recovery,1,1.749508272258637,43709,5
-10.0,-2.0,recovery,V,-0.004635129984506626,43709,5
-10.0,-2.0,recovery,Bs,0.0,43709,5
-10.0,-2.0,recovery,n,0.0,43709,5
-10.0,-2.0,recovery,Pdyn,0.0,43709,5
-10.0,-2.0,recovery,Dst_star,-0.042541683259815666,43709,5
-10.0,-2.0,recovery,V^2,2.8336902122054255e-6,43709,5
-10.0,-2.0,recovery,Bs^2,0.0,43709,5
-10.0,-2.0,recovery,n^2,0.0,43709,5
-10.0,-2.0,recovery,V*Bs,0.0,43709,5
-10.0,-2.0,recovery,n*V,0.0,43709,5
-10.0,-2.0,recovery,n*Bs,0.0,43709,5
-10.0,-2.0,recovery,Pdyn*Bs,0.0,43709,5
-10.0,-2.0,recovery,n*V*Bs,0.0,43709,5
-10.0,-2.0,recovery,n*V^2,0.0,43709,5
-10.0,-2.0,recovery,sin(θ_c/2),0.0,43709,5
-10.0,-2.0,recovery,sin²(θ_c/2),0.0,43709,5
-10.0,-2.0,recovery,sin⁴(θ_c/2),0.0,43709,5
-10.0,-2.0,recovery,sin^(8/3)(θ_c/2),-1.5567551313586838,43709,5
-10.0,-2.0,recovery,V*sin²(θ_c/2),0.0,43709,5
-10.0,-2.0,recovery,Newell_d_Φ,0.0,43709,5
-10.0,-1.0,quiet,1,0.0,8823,7
-10.0,-1.0,quiet,V,0.0,8823,7
-10.0,-1.0,quiet,Bs,0.0,8823,7
-10.0,-1.0,quiet,n,-0.49603985465769973,8823,7
-10.0,-1.0,quiet,Pdyn,0.0,8823,7
-10.0,-1.0,quiet,Dst_star,0.0,8823,7
-10.0,-1.0,quiet,V^2,0.0,8823,7
-10.0,-1.0,quiet,Bs^2,0.0,8823,7
-10.0,-1.0,quiet,n^2,0.0,8823,7
-10.0,-1.0,quiet,V*Bs,0.0,8823,7
-10.0,-1.0,quiet,n*V,0.002561864852042861,8823,7
-10.0,-1.0,quiet,n*Bs,0.0,8823,7
-10.0,-1.0,quiet,Pdyn*Bs,0.0,8823,7
-10.0,-1.0,quiet,n*V*Bs,0.0,8823,7
-10.0,-1.0,quiet,n*V^2,-3.5745337921633283e-6,8823,7
-10.0,-1.0,quiet,sin(θ_c/2),0.0,8823,7
-10.0,-1.0,quiet,sin²(θ_c/2),23.303752937649822,8823,7
-10.0,-1.0,quiet,sin⁴(θ_c/2),9.86121590149755,8823,7
-10.0,-1.0,quiet,sin^(8/3)(θ_c/2),-31.67883990809911,8823,7
-10.0,-1.0,quiet,V*sin²(θ_c/2),0.0,8823,7
-10.0,-1.0,quiet,Newell_d_Φ,-0.00040684748853668225,8823,7
-10.0,-1.0,main,1,-3.2023583304071455,13631,11
-10.0,-1.0,main,V,0.0,13631,11
-10.0,-1.0,main,Bs,-0.49173104598554285,13631,11
-10.0,-1.0,main,n,0.0,13631,11
-10.0,-1.0,main,Pdyn,0.0,13631,11
-10.0,-1.0,main,Dst_star,0.0,13631,11
-10.0,-1.0,main,V^2,0.0,13631,11
-10.0,-1.0,main,Bs^2,-0.012593617751948253,13631,11
-10.0,-1.0,main,n^2,0.0,13631,11
-10.0,-1.0,main,V*Bs,0.001627118137751573,13631,11
-10.0,-1.0,main,n*V,0.0,13631,11
-10.0,-1.0,main,n*Bs,0.01761266995109223,13631,11
-10.0,-1.0,main,Pdyn*Bs,0.0,13631,11
-10.0,-1.0,main,n*V*Bs,-8.277870555517723e-5,13631,11
-10.0,-1.0,main,n*V^2,0.0,13631,11
-10.0,-1.0,main,sin(θ_c/2),3.1889627010659347,13631,11
-10.0,-1.0,main,sin²(θ_c/2),-26.856818721795726,13631,11
-10.0,-1.0,main,sin⁴(θ_c/2),-17.97954781921284,13631,11
-10.0,-1.0,main,sin^(8/3)(θ_c/2),45.294640848404036,13631,11
-10.0,-1.0,main,V*sin²(θ_c/2),0.0,13631,11
-10.0,-1.0,main,Newell_d_Φ,-0.00040472617304954626,13631,11
-10.0,-1.0,recovery,1,1.4316981823787207,38909,4
-10.0,-1.0,recovery,V,-0.005047672002811676,38909,4
-10.0,-1.0,recovery,Bs,0.0,38909,4
-10.0,-1.0,recovery,n,0.0,38909,4
-10.0,-1.0,recovery,Pdyn,0.0,38909,4
-10.0,-1.0,recovery,Dst_star,-0.04071956932445965,38909,4
-10.0,-1.0,recovery,V^2,3.4711668757317553e-6,38909,4
-10.0,-1.0,recovery,Bs^2,0.0,38909,4
-10.0,-1.0,recovery,n^2,0.0,38909,4
-10.0,-1.0,recovery,V*Bs,0.0,38909,4
-10.0,-1.0,recovery,n*V,0.0,38909,4
-10.0,-1.0,recovery,n*Bs,0.0,38909,4
-10.0,-1.0,recovery,Pdyn*Bs,0.0,38909,4
-10.0,-1.0,recovery,n*V*Bs,0.0,38909,4
-10.0,-1.0,recovery,n*V^2,0.0,38909,4
-10.0,-1.0,recovery,sin(θ_c/2),0.0,38909,4
-10.0,-1.0,recovery,sin²(θ_c/2),0.0,38909,4
-10.0,-1.0,recovery,sin⁴(θ_c/2),0.0,38909,4
-10.0,-1.0,recovery,sin^(8/3)(θ_c/2),0.0,38909,4
-10.0,-1.0,recovery,V*sin²(θ_c/2),0.0,38909,4
-10.0,-1.0,recovery,Newell_d_Φ,0.0,38909,4
-10.0,0.0,quiet,1,0.0,8823,7
-10.0,0.0,quiet,V,0.0,8823,7
-10.0,0.0,quiet,Bs,0.0,8823,7
-10.0,0.0,quiet,n,-0.49603985465769973,8823,7
-10.0,0.0,quiet,Pdyn,0.0,8823,7
-10.0,0.0,quiet,Dst_star,0.0,8823,7
-10.0,0.0,quiet,V^2,0.0,8823,7
-10.0,0.0,quiet,Bs^2,0.0,8823,7
-10.0,0.0,quiet,n^2,0.0,8823,7
-10.0,0.0,quiet,V*Bs,0.0,8823,7
-10.0,0.0,quiet,n*V,0.002561864852042861,8823,7
-10.0,0.0,quiet,n*Bs,0.0,8823,7
-10.0,0.0,quiet,Pdyn*Bs,0.0,8823,7
-10.0,0.0,quiet,n*V*Bs,0.0,8823,7
-10.0,0.0,quiet,n*V^2,-3.5745337921633283e-6,8823,7
-10.0,0.0,quiet,sin(θ_c/2),0.0,8823,7
-10.0,0.0,quiet,sin²(θ_c/2),23.303752937649822,8823,7
-10.0,0.0,quiet,sin⁴(θ_c/2),9.86121590149755,8823,7
-10.0,0.0,quiet,sin^(8/3)(θ_c/2),-31.67883990809911,8823,7
-10.0,0.0,quiet,V*sin²(θ_c/2),0.0,8823,7
-10.0,0.0,quiet,Newell_d_Φ,-0.00040684748853668225,8823,7
-10.0,0.0,main,1,0.0,21827,12
-10.0,0.0,main,V,0.0,21827,12
-10.0,0.0,main,Bs,-0.3368298917893104,21827,12
-10.0,0.0,main,n,0.0,21827,12
-10.0,0.0,main,Pdyn,0.0,21827,12
-10.0,0.0,main,Dst_star,0.0,21827,12
-10.0,0.0,main,V^2,0.0,21827,12
-10.0,0.0,main,Bs^2,-0.014389604135278454,21827,12
-10.0,0.0,main,n^2,0.0,21827,12
-10.0,0.0,main,V*Bs,0.0016444120302931593,21827,12
-10.0,0.0,main,n*V,0.0,21827,12
-10.0,0.0,main,n*Bs,0.031978622522934895,21827,12
-10.0,0.0,main,Pdyn*Bs,0.026438882510278976,21827,12
-10.0,0.0,main,n*V*Bs,-0.00014451245662811302,21827,12
-10.0,0.0,main,n*V^2,0.0,21827,12
-10.0,0.0,main,sin(θ_c/2),-16.05660526639621,21827,12
-10.0,0.0,main,sin²(θ_c/2),49.307187793188746,21827,12
-10.0,0.0,main,sin⁴(θ_c/2),2.167751523390474,21827,12
-10.0,0.0,main,sin^(8/3)(θ_c/2),-36.371220676850456,21827,12
-10.0,0.0,main,V*sin²(θ_c/2),0.004510612467832371,21827,12
-10.0,0.0,main,Newell_d_Φ,-0.00048789686132435475,21827,12
-10.0,0.0,recovery,1,0.0,30717,1
-10.0,0.0,recovery,V,0.0,30717,1
-10.0,0.0,recovery,Bs,0.0,30717,1
-10.0,0.0,recovery,n,0.0,30717,1
-10.0,0.0,recovery,Pdyn,0.0,30717,1
-10.0,0.0,recovery,Dst_star,-0.04473248655022392,30717,1
-10.0,0.0,recovery,V^2,0.0,30717,1
-10.0,0.0,recovery,Bs^2,0.0,30717,1
-10.0,0.0,recovery,n^2,0.0,30717,1
-10.0,0.0,recovery,V*Bs,0.0,30717,1
-10.0,0.0,recovery,n*V,0.0,30717,1
-10.0,0.0,recovery,n*Bs,0.0,30717,1
-10.0,0.0,recovery,Pdyn*Bs,0.0,30717,1
-10.0,0.0,recovery,n*V*Bs,0.0,30717,1
-10.0,0.0,recovery,n*V^2,0.0,30717,1
-10.0,0.0,recovery,sin(θ_c/2),0.0,30717,1
-10.0,0.0,recovery,sin²(θ_c/2),0.0,30717,1
-10.0,0.0,recovery,sin⁴(θ_c/2),0.0,30717,1
-10.0,0.0,recovery,sin^(8/3)(θ_c/2),0.0,30717,1
-10.0,0.0,recovery,V*sin²(θ_c/2),0.0,30717,1
-10.0,0.0,recovery,Newell_d_Φ,0.0,30717,1
